id	class	tree	name	code	official_id	req_level	max_level	req_skill	skill_points	mana_cost	mana_per_lvl	dmg_min	dmg_max	phys_min	phys_max	elem_min	elem_max	phys_min_lev1	phys_min_lev2	phys_min_lev3	phys_min_lev4	phys_min_lev5	phys_max_lev1	phys_max_lev2	phys_max_lev3	phys_max_lev4	phys_max_lev5	elem_min_lev1	elem_min_lev2	elem_min_lev3	elem_min_lev4	elem_min_lev5	elem_max_lev1	elem_max_lev2	elem_max_lev3	elem_max_lev4	elem_max_lev5	hit_shift	dmg_type	passive	missile	desc	src_dam	dmg_pct_calc	dmg_pct_desc	dmg_pct_base	dmg_pct_per_lvl	dmg_pct_parsed	missile_a	missile_b	missile_c
1	1	1	魔法箭	Magic Arrow	6	1	20	0	0	12	-1	1	1	1	1	0	0	1	1	1	1	1	1	1	1	1	1	0	0	0	0	0	0	0	0	0	0	8	phys	0	magicarrow	物理伤害 1-1，法力 12（每级 -1），需求等级 1	128			0	0	1			
2	1	1	火焰箭	Fire Arrow	7	1	20	0	0	24	1	1	4	0	0	1	4	0	0	0	0	0	0	0	0	0	0	2	3	6	12	24	2	3	7	14	27	8	fire	0	firearrow	火焰伤害 1-4，法力 24（每级 +1），需求等级 1	128			0	0	1			
3	1	2	内视	Inner Sight	8	1	20	0	0	10	0	40	0	0	0	40	0	0	0	0	0	0	0	0	0	0	0	25	45	60	80	100	0	0	0	0	0	8	phys	0		辅助技能，法力 10（每级 +0），需求等级 1	0			0	0	1			
4	1	2	致命一击	Critical Strike	9	1	20	0	0	0	0	0	0	0	0	0	0	0	0	0	0	0	0	0	0	0	0	0	0	0	0	0	0	0	0	0	0	8		1		被动技能，需求等级 1	0			0	0	1			
5	1	3	戳刺	Jab	10	1	20	0	0	8	1	0	0	0	0	0	0	0	0	0	0	0	0	0	0	0	0	0	0	0	0	0	0	0	0	0	0	8		0		武器伤害类攻击：武器伤害 ×128/128（官方 SrcDam）+ 伤害倍率 -15%（每级 +3%），法力 8（每级 +1），需求等级 1	128	ln34	dmg%	-15	3	1			
6	1	1	寒冰箭	Cold Arrow	11	6	20	0	0	28	1	3	4	0	0	6	8	0	0	0	0	0	0	0	0	0	0	4	5	8	16	42	4	5	9	17	44	7	cold	0	coldarrow	冰冷伤害 3-4，法力 28（每级 +1），需求等级 6	128			0	0	1			
7	1	1	多重箭	Multiple Shot	12	6	20	1	0	4	1	0	0	0	0	0	0	0	0	0	0	0	0	0	0	0	0	0	0	0	0	0	0	0	0	0	0	8		0		武器伤害类攻击：武器伤害 ×96/128（官方 SrcDam）+ 伤害倍率 0%（每级 +0%），法力 4（每级 +1），需求等级 6	96	min(24,ln12)	# missiles	0	0	1	multipleshotarrow	multipleshotbolt	
8	1	2	闪避	Dodge	13	6	20	0	0	0	0	0	0	0	0	0	0	0	0	0	0	0	0	0	0	0	0	0	0	0	0	0	0	0	0	0	0	8		1		被动技能，需求等级 6	0			0	0	1			
9	1	3	强力打击	Power Strike	14	6	20	5	0	8	1	1	16	0	0	1	16	0	0	0	0	0	0	0	0	0	0	0	0	0	0	0	18	36	54	72	90	8	ltng	0		闪电伤害 1-16，法力 8（每级 +1），需求等级 6	128			0	0	1			
10	1	3	毒标枪	Poison Javelin	15	6	20	0	0	16	1	0	0	0	0	32	48	0	0	0	0	0	0	0	0	0	0	16	32	48	64	96	16	36	52	68	84	0	pois	0	poisonjav	辅助技能，法力 16（每级 +1），需求等级 6	128			0	0	1			
11	1	1	爆裂箭	Exploding Arrow	16	12	20	2	0	10	1	2	6	0	0	2	6	0	0	0	0	0	0	0	0	0	0	5	7	9	12	20	5	8	11	14	23	8	fire	0	explodingarrow	火焰伤害 2-6，法力 10（每级 +1），需求等级 12	128			0	0	1			
12	1	2	缓速投射	Slow Missiles	17	12	20	3	0	10	0	0	0	0	0	0	0	0	0	0	0	0	0	0	0	0	0	0	0	0	0	0	0	0	0	0	0	8		0		辅助技能，法力 10（每级 +0），需求等级 12	0			0	0	1			
13	1	2	躲避	Avoid	18	12	20	8	0	0	0	0	0	0	0	0	0	0	0	0	0	0	0	0	0	0	0	0	0	0	0	0	0	0	0	0	0	8		1		被动技能，需求等级 12	0			0	0	1			
14	1	3	刺穿	Impale	19	12	20	5	0	3	0	0	0	0	0	0	0	0	0	0	0	0	0	0	0	0	0	0	0	0	0	0	0	0	0	0	0	8		0		武器伤害类攻击：武器伤害 ×128/128（官方 SrcDam）+ 伤害倍率 300%（每级 +25%），法力 3（每级 +0），需求等级 12	128	ln12	dm%	300	25	1			
15	1	3	闪电球	Lightning Bolt	20	12	20	10	0	24	1	1	40	0	0	1	40	0	0	0	0	0	0	0	0	0	0	0	0	0	0	0	12	18	28	48	88	8	ltng	0	lightningjavelin	闪电伤害 1-40，法力 24（每级 +1），需求等级 12	96			0	0	1			
16	1	1	冰箭	Ice Arrow	21	18	20	6	0	16	1	6	10	0	0	6	10	0	0	0	0	0	0	0	0	0	0	6	12	18	26	36	6	13	19	27	38	8	cold	0	icearrow	冰冷伤害 6-10，法力 16（每级 +1），需求等级 18	128			0	0	1			
17	1	1	导引箭	Guided Arrow	22	18	20	6	0	32	-1	0	0	0	0	0	0	0	0	0	0	0	0	0	0	0	0	0	0	0	0	0	0	0	0	0	0	8		0		武器伤害类攻击：武器伤害 ×128/128（官方 SrcDam）+ 伤害倍率 0%（每级 +5%），法力 32（每级 -1），需求等级 18	128	ln34	+ dmg%	0	5	1	guidedarrow	guidedarrow	guidedarrow
18	1	2	穿透	Penetrate	23	18	20	4	0	0	0	0	0	0	0	0	0	0	0	0	0	0	0	0	0	0	0	0	0	0	0	0	0	0	0	0	0	8		1		被动技能，需求等级 18	0			0	0	1			
19	1	3	充能一击	Charged Strike	24	18	20	9	0	16	1	1	30	0	0	1	30	0	0	0	0	0	0	0	0	0	0	0	0	0	0	0	12	16	20	24	28	8	ltng	0		闪电伤害 1-30，法力 16（每级 +1），需求等级 18	0	par1+lvl/par2	# bolts	0	0	1	chargedstrikebolt	chargedstrikebolt	chargedstrikebolt
20	1	3	瘟疫标枪	Plague Javelin	25	18	20	15	0	14	1	0	1	0	0	10	16	0	0	0	0	0	0	0	0	0	0	6	12	20	40	60	6	12	20	40	60	3	pois	0	plaguejavelin	毒素伤害 0-1，法力 14（每级 +1），需求等级 18	128			0	0	1			
21	1	1	扫射	Strafe	26	24	20	17	0	11	0	0	0	0	0	0	0	0	0	0	0	0	0	0	0	0	0	0	0	0	0	0	0	0	0	0	0	8		0		武器伤害类攻击：武器伤害 ×96/128（官方 SrcDam）+ 伤害倍率 0%（每级 +0%），法力 11（每级 +0），需求等级 24	96	min(par3 + lvl - 1, par4)	#missiles	0	0	1	strafearrow	strafebolt	
22	1	1	献祭之箭	Immolation Arrow	27	24	20	11	0	12	1	10	20	0	0	10	20	0	0	0	0	0	0	0	0	0	0	10	20	30	32	34	10	20	30	32	34	8	fire	0	immolationarrow	火焰伤害 10-20，法力 12（每级 +1），需求等级 24	128	par1	fire disc radius	0	0	1			
23	1	2	诱饵	Dopplezon	28	24	20	12	0	76	-3	0	0	0	0	0	0	0	0	0	0	0	0	0	0	0	0	0	0	0	0	0	0	0	0	0	0	8		0		辅助技能，法力 76（每级 -3），需求等级 24	0	lvl*par4	bonus hp%	0	0	1			
24	1	2	回避	Evade	29	24	20	13	0	0	0	0	0	0	0	0	0	0	0	0	0	0	0	0	0	0	0	0	0	0	0	0	0	0	0	0	0	8		1		被动技能，需求等级 24	0			0	0	1			
25	1	3	连击	Fend	30	24	20	14	0	5	0	0	0	0	0	0	0	0	0	0	0	0	0	0	0	0	0	0	0	0	0	0	0	0	0	0	0	8		0		武器伤害类攻击：武器伤害 ×128/128（官方 SrcDam）+ 伤害倍率 0%（每级 +0%），法力 5（每级 +0），需求等级 24	128	12	max targets	0	0	1			
26	1	1	冻结之箭	Freezing Arrow	31	30	20	16	0	18	1	40	50	0	0	40	50	0	0	0	0	0	0	0	0	0	0	10	15	20	22	24	10	15	20	22	24	8	cold	0	freezingarrow	冰冷伤害 40-50，法力 18（每级 +1），需求等级 30	128	par1	damage radius	0	0	1			
27	1	2	女武神	Valkyrie	32	30	20	23	0	25	1	0	0	0	0	0	0	0	0	0	0	0	0	0	0	0	0	0	0	0	0	0	0	0	0	0	0	8		0		辅助技能，法力 25（每级 +1），需求等级 30	0	par1 * (lvl - 1) + skill('Dopplezon'.blvl) * par8	bonus hp%	0	0	1			
28	1	2	穿刺	Pierce	33	30	20	18	0	0	0	0	0	0	0	0	0	0	0	0	0	0	0	0	0	0	0	0	0	0	0	0	0	0	0	0	0	8		1		被动技能，需求等级 30	0			0	0	1			
29	1	3	闪电击	Lightning Strike	34	30	20	19	0	9	0	1	25	0	0	1	25	0	0	0	0	0	0	0	0	0	0	0	0	0	0	0	10	15	20	25	30	8	ltng	0		闪电伤害 1-25，法力 9（每级 +0），需求等级 30	0	20	radius	0	0	1	lightningstrike	lightningstrike	lightningstrike
30	1	3	闪电之怒	Lightning Fury	35	30	20	20	0	20	1	1	40	0	0	1	40	0	0	0	0	0	0	0	0	0	0	0	0	0	0	0	20	30	40	50	50	8	ltng	0	lightningfury	闪电伤害 1-40，法力 20（每级 +1），需求等级 30	128	ln12	num targets	0	0	1			
31	2	1	火弹	Fire Bolt	36	1	20	0	0	5	0	3	6	0	0	6	12	0	0	0	0	0	0	0	0	0	0	3	4	8	18	54	3	6	10	20	56	7	fire	0	firebolt	火焰伤害 3-6，法力 5（每级 +0），需求等级 1	0			0	0	1			
32	2	1	温暖	Warmth	37	1	20	0	0	0	0	0	0	0	0	0	0	0	0	0	0	0	0	0	0	0	0	0	0	0	0	0	0	0	0	0	0	8	fire	1		被动技能，需求等级 1	0			0	0	1			
33	2	2	充能弹	Charged Bolt	38	1	20	0	0	24	4	2	4	0	0	4	8	0	0	0	0	0	0	0	0	0	0	1	1	2	3	4	1	1	2	3	4	7	ltng	0		闪电伤害 2-4，法力 24（每级 +4），需求等级 1	0	min(24,ln12)	# bolts	0	0	1	chargedbolt	chargedbolt	chargedbolt
34	2	3	冰弹	Ice Bolt	39	1	20	0	0	3	0	3	5	0	0	6	10	0	0	0	0	0	0	0	0	0	0	2	4	6	8	10	3	5	7	9	11	7	cold	0	icebolt	冰冷伤害 3-5，法力 3（每级 +0），需求等级 1	0			0	0	1			
35	2	3	冻结护甲	Frozen Armor	40	1	20	0	0	7	0	0	0	0	0	0	0	0	0	0	0	0	0	0	0	0	0	0	0	0	0	0	0	0	0	0	0	8		0		辅助技能，法力 7（每级 +0），需求等级 1	0	ln56*(100+((skill('Shiver Armor'.blvl)+skill('Chilling Armor'.blvl))*par8))/100	freeze length	0	0	1			
36	2	1	炼狱之火	Inferno	41	6	20	0	0	36	1	1	1	0	0	32	64	0	0	0	0	0	0	0	0	0	0	24	26	28	32	36	24	27	29	33	37	2	fire	0		火焰伤害 1-1，法力 36（每级 +1），需求等级 6	0	ln12/2	range	0	0	1	infernoflame1	infernoflame1	infernoflame1
37	2	2	静电力场	Static Field	42	6	20	0	0	9	0	0	0	0	0	0	0	0	0	0	0	0	0	0	0	0	0	0	0	0	0	0	0	0	0	0	0	8	ltng	0		辅助技能，法力 9（每级 +0），需求等级 6	0	par4	damage %	0	0	0			
38	2	2	心灵传动	Telekinesis	43	6	20	0	0	7	0	1	2	0	0	1	2	0	0	0	0	0	0	0	0	0	0	1	1	1	1	1	1	1	1	1	1	8	ltng	0		闪电伤害 1-2，法力 7（每级 +0），需求等级 6	0			0	0	1			
39	2	3	霜之新星	Frost Nova	44	6	20	0	0	9	1	2	4	0	0	4	8	0	0	0	0	0	0	0	0	0	0	4	6	8	10	12	5	7	9	11	13	7	cold	0		冰冷伤害 2-4，法力 9（每级 +1），需求等级 6	0			0	0	1	frostnova	frostnova	frostnova
40	2	3	冰爆	Ice Blast	45	6	20	34	0	12	1	8	12	0	0	16	24	0	0	0	0	0	0	0	0	0	0	14	28	42	56	70	15	29	43	57	71	7	cold	0	iceblast	冰冷伤害 8-12，法力 12（每级 +1），需求等级 6	0			0	0	1			
41	2	1	火焰之径	Blaze	46	12	20	36	0	22	1	0	1	0	0	4	8	0	0	0	0	0	0	0	0	0	0	2	3	4	6	9	2	3	4	6	9	4	fire	0	blaze	火焰伤害 0-1，法力 22（每级 +1），需求等级 12	0			0	0	1	blaze	blaze	blaze
42	2	1	火球	Fire Ball	47	12	20	31	0	10	1	6	14	0	0	12	28	0	0	0	0	0	0	0	0	0	0	13	23	28	33	38	15	25	30	35	40	7	fire	0	fireball	火焰伤害 6-14，法力 10（每级 +1），需求等级 12	0			0	0	1			
43	2	2	新星	Nova	48	12	20	37	0	15	1	1	20	0	0	1	20	0	0	0	0	0	0	0	0	0	0	6	7	8	9	10	8	9	10	11	12	8	ltng	0		闪电伤害 1-20，法力 15（每级 +1），需求等级 12	0			0	0	1	nova	nova	nova
44	2	2	闪电	Lightning	49	12	20	33	0	16	1	1	40	0	0	1	40	0	0	0	0	0	0	0	0	0	0	0	0	0	0	0	8	12	20	28	36	8	ltng	0	lightningbolt	闪电伤害 1-40，法力 16（每级 +1），需求等级 12	0			0	0	1			
45	2	3	寒颤护甲	Shiver Armor	50	12	20	40	0	11	0	6	8	0	0	12	16	0	0	0	0	0	0	0	0	0	0	4	6	8	10	12	5	7	9	11	13	7	cold	0		冰冷伤害 6-8，法力 11（每级 +0），需求等级 12	0			0	0	1			
46	2	1	火墙	Fire Wall	51	18	20	41	0	22	1	1	1	0	0	15	20	0	0	0	0	0	0	0	0	0	0	9	14	21	21	21	9	14	21	21	21	4	fire	0		火焰伤害 1-1，法力 22（每级 +1），需求等级 18	0			0	0	1	firewallmaker	firewall	
47	2	1	附魔	Enchant	52	18	20	32	0	25	1	8	10	0	0	16	20	0	0	0	0	0	0	0	0	0	0	3	7	11	15	19	5	9	13	17	21	7	fire	0		火焰伤害 8-10，法力 25（每级 +1），需求等级 18	0			0	0	1			
48	2	2	连锁闪电	Chain Lightning	53	18	20	44	0	9	1	1	40	0	0	1	40	0	0	0	0	0	0	0	0	0	0	0	0	0	0	0	11	13	15	15	15	8	ltng	0		闪电伤害 1-40，法力 9（每级 +1），需求等级 18	0	ln34 / 5	# hits	0	0	1	chainlightning	chainlightning	chainlightning
49	2	2	传送	Teleport	54	18	20	38	0	24	-1	0	0	0	0	0	0	0	0	0	0	0	0	0	0	0	0	0	0	0	0	0	0	0	0	0	0	8		0		辅助技能，法力 24（每级 -1），需求等级 18	0			0	0	1			
50	2	3	冰川尖刺	Glacial Spike	55	18	20	40	0	20	1	16	24	0	0	32	48	0	0	0	0	0	0	0	0	0	0	14	26	28	30	32	15	27	29	31	33	7	cold	0	glacialspike	冰冷伤害 16-24，法力 20（每级 +1），需求等级 18	0			0	0	1			
51	2	1	陨石	Meteor	56	24	20	42	0	34	1	80	100	0	0	80	100	0	0	0	0	0	0	0	0	0	0	23	39	79	81	83	25	41	81	83	85	8	fire	0		火焰伤害 80-100，法力 34（每级 +1），需求等级 24	0	ln12	radius	0	0	1	meteorcenter	meteorcenter	meteorcenter
52	2	2	雷云风暴	Thunder Storm	57	24	20	43	0	19	0	1	100	0	0	1	100	0	0	0	0	0	0	0	0	0	0	10	10	11	11	11	10	10	11	11	11	8	ltng	0		闪电伤害 1-100，法力 19（每级 +0），需求等级 24	0			0	0	1	thunderstorm1		
53	2	2	能量护盾	Energy Shield	58	24	20	49	0	5	0	20	0	0	0	20	0	0	0	0	0	0	0	0	0	0	0	5	2	1	1	1	0	0	0	0	0	8	phys	0		辅助技能，法力 5（每级 +0），需求等级 24	0	min(edmn,95)	damage absorption	0	0	1			
54	2	3	暴风雪	Blizzard	59	24	20	39	0	23	1	45	75	0	0	45	75	0	0	0	0	0	0	0	0	0	0	15	30	45	55	65	16	31	46	56	66	8	cold	0		冰冷伤害 45-75，法力 23（每级 +1），需求等级 24	0	par1	radius	0	0	1	blizzardcenter	blizzardcenter	blizzardcenter
55	2	3	冰冷护甲	Chilling Armor	60	24	20	45	0	17	0	4	6	0	0	8	12	0	0	0	0	0	0	0	0	0	0	2	4	6	8	10	3	5	7	9	11	7	cold	0		冰冷伤害 4-6，法力 17（每级 +0），需求等级 24	0			0	0	1	chillingarmorbolt		
56	2	1	火焰精通	Fire Mastery	61	30	20	0	0	0	0	0	0	0	0	0	0	0	0	0	0	0	0	0	0	0	0	0	0	0	0	0	0	0	0	0	0	8	fire	1		被动技能，需求等级 30	0			0	0	1			
57	2	1	多头蛇	Hydra	62	30	20	47	0	40	1	12	17	0	0	24	34	0	0	0	0	0	0	0	0	0	0	9	13	17	21	25	11	15	19	23	27	7	fire	0		火焰伤害 12-17，法力 40（每级 +1），需求等级 30	0			0	0	1			
58	2	2	闪电精通	Lightning Mastery	63	30	20	0	0	0	0	0	0	0	0	0	0	0	0	0	0	0	0	0	0	0	0	0	0	0	0	0	0	0	0	0	0	8		1		被动技能，需求等级 30	0			0	0	1			
59	2	3	冰霜宝珠	Frozen Orb	64	30	20	54	0	50	1	40	45	0	0	80	90	0	0	0	0	0	0	0	0	0	0	20	24	28	29	30	21	25	29	30	31	7	cold	0	frozenorb	冰冷伤害 40-45，法力 50（每级 +1），需求等级 30	0			0	0	1			
60	2	3	冰冷精通	Cold Mastery	65	30	20	0	0	0	0	0	0	0	0	0	0	0	0	0	0	0	0	0	0	0	0	0	0	0	0	0	0	0	0	0	0	8		1		被动技能，需求等级 30	0			0	0	1			
61	3	1	伤害加深	Amplify Damage	66	1	20	0	0	4	0	0	0	0	0	0	0	0	0	0	0	0	0	0	0	0	0	0	0	0	0	0	0	0	0	0	0	8		0		辅助技能，法力 4（每级 +0），需求等级 1	0			0	0	1			
62	3	2	牙	Teeth	67	1	20	0	0	6	1	2	4	0	0	4	8	0	0	0	0	0	0	0	0	0	0	2	2	3	4	5	2	3	4	5	6	7	mag	0		魔法伤害 2-4，法力 6（每级 +1），需求等级 1	0	min(ln12,24)	# missiles	0	0	1	teeth		
63	3	2	白骨护甲	Bone Armor	68	1	20	0	0	11	1	0	0	0	0	0	0	0	0	0	0	0	0	0	0	0	0	0	0	0	0	0	0	0	0	0	0	8		0		辅助技能，法力 11（每级 +1），需求等级 1	0			0	0	1			
64	3	3	骷髅精通	Skeleton Mastery	69	1	20	65	0	0	0	0	0	0	0	0	0	0	0	0	0	0	0	0	0	0	0	0	0	0	0	0	0	0	0	0	0	8		1		被动技能，需求等级 1	0			0	0	1			
65	3	3	召唤骷髅	Raise Skeleton	70	1	20	0	0	6	1	0	0	0	0	0	0	0	0	0	0	0	0	0	0	0	0	0	1	2	3	4	0	0	0	0	0	8		0		辅助技能，法力 6（每级 +1），需求等级 1	0	(lvl < 4) ? 0 : (par2 * (lvl - 3))	hp % adjustment	0	0	1			
66	3	1	微暗灵视	Dim Vision	71	6	20	0	0	9	0	0	0	0	0	0	0	0	0	0	0	0	0	0	0	0	0	0	0	0	0	0	0	0	0	0	0	8		0		辅助技能，法力 9（每级 +0），需求等级 6	0			0	0	1			
67	3	1	削弱	Weaken	72	6	20	61	0	4	0	0	0	0	0	0	0	0	0	0	0	0	0	0	0	0	0	0	0	0	0	0	0	0	0	0	0	8		0		辅助技能，法力 4（每级 +0），需求等级 6	0			0	0	1			
68	3	2	淬毒匕首	Poison Dagger	73	6	20	0	0	12	1	0	0	0	0	18	40	0	0	0	0	0	0	0	0	0	0	10	15	20	23	26	10	15	20	23	26	1	pois	0		武器伤害类攻击：武器伤害 ×128/128（官方 SrcDam）+ 伤害倍率 0%（每级 +0%），法力 12（每级 +1），需求等级 6	128			0	0	1			
69	3	2	尸爆	Corpse Explosion	74	6	20	62	0	15	1	0	0	0	0	0	0	0	0	0	0	0	0	0	0	0	0	0	0	0	0	0	0	0	0	0	0	8	fire	0		辅助技能，法力 15（每级 +1），需求等级 6	0	par1	% target hp min damage	0	0	1			
70	3	3	黏土石魔	Clay Golem	75	6	20	0	0	15	3	0	0	0	0	0	0	0	0	0	0	0	0	0	0	0	0	0	0	0	0	0	0	0	0	0	0	8		0		辅助技能，法力 15（每级 +3），需求等级 6	0	(100+(par1 * (lvl - 1)))*(100+skill('Golem Mastery'.ln12) + (skill('BloodGolem'.blvl)*skill('BloodGolem'.par8)))/100-100	hp % adjustment	0	0	1			
71	3	1	铁娘子	Iron Maiden	76	12	20	61	0	5	0	0	0	0	0	0	0	0	0	0	0	0	0	0	0	0	0	0	0	0	0	0	0	0	0	0	0	8		0		辅助技能，法力 5（每级 +0），需求等级 12	0	ln56	% damage to return	0	0	1			
72	3	1	恐惧	Terror	77	12	20	67	0	7	0	0	0	0	0	0	0	0	0	0	0	0	0	0	0	0	0	0	0	0	0	0	0	0	0	0	0	8		0		辅助技能，法力 7（每级 +0），需求等级 12	0			0	0	1			
73	3	2	骨墙	Bone Wall	78	12	20	63	0	17	0	0	0	0	0	0	0	0	0	0	0	0	0	0	0	0	0	0	0	0	0	0	0	0	0	0	0	8		0		辅助技能，法力 17（每级 +0），需求等级 12	0	(par1 * (lvl-1)) + ((skill('Bone Armor'.blvl)+skill('Bone Prison'.blvl))*par8)	hp % adjustment	0	0	1	bonewallmaker		
74	3	3	石魔精通	Golem Mastery	79	12	20	70	0	0	0	0	0	0	0	0	0	0	0	0	0	0	0	0	0	0	0	0	0	0	0	0	0	0	0	0	0	8		1		被动技能，需求等级 12	0			0	0	1			
75	3	3	召唤骷髅法师	Raise Skeletal Mage	80	12	20	65	0	8	1	0	0	0	0	0	0	0	0	0	0	0	0	0	0	0	0	0	0	0	0	0	0	0	0	0	0	8		0		辅助技能，法力 8（每级 +1），需求等级 12	0	(lvl < 4) ? 0 : (par2 * (lvl - 3))	hp % adjustment	0	0	1			
76	3	1	迷乱	Confuse	81	18	20	66	0	13	0	0	0	0	0	0	0	0	0	0	0	0	0	0	0	0	0	0	0	0	0	0	0	0	0	0	0	8		0		辅助技能，法力 13（每级 +0），需求等级 18	0			0	0	1			
77	3	1	偷取生命	Life Tap	82	18	20	71	0	9	0	0	0	0	0	0	0	0	0	0	0	0	0	0	0	0	0	0	0	0	0	0	0	0	0	0	0	8		0		辅助技能，法力 9（每级 +0），需求等级 18	0	ln56	hp % returned	0	0	1			
78	3	2	剧毒爆裂	Poison Explosion	83	18	20	68	0	8	0	1	2	0	0	8	24	0	0	0	0	0	0	0	0	0	0	2	4	6	8	10	2	4	6	8	10	4	pois	0		毒素伤害 1-2，法力 8（每级 +0），需求等级 18	0			0	0	1	poisonexplosioncloud		
79	3	2	骨矛	Bone Spear	84	18	20	69	0	28	1	16	24	0	0	16	24	0	0	0	0	0	0	0	0	0	0	8	9	12	18	24	8	9	13	19	25	8	mag	0	bonespear	魔法伤害 16-24，法力 28（每级 +1），需求等级 18	0			0	0	1			
80	3	3	鲜血石魔	BloodGolem	85	18	20	70	0	25	4	0	0	0	0	0	0	0	0	0	0	0	0	0	0	0	0	0	0	0	0	0	0	0	0	0	0	8		0		辅助技能，法力 25（每级 +4），需求等级 18	0	skill('Golem Mastery'.ln12)	hp % adjustment	0	0	1			
81	3	1	吸引	Attract	86	24	20	76	0	17	0	0	0	0	0	0	0	0	0	0	0	0	0	0	0	0	0	0	0	0	0	0	0	0	0	0	0	8		0		辅助技能，法力 17（每级 +0），需求等级 24	0			0	0	1			
82	3	1	衰老	Decrepify	87	24	20	72	0	11	0	0	0	0	0	0	0	0	0	0	0	0	0	0	0	0	0	0	0	0	0	0	0	0	0	0	0	8		0		辅助技能，法力 11（每级 +0），需求等级 24	0			0	0	1			
83	3	2	白骨囚牢	Bone Prison	88	24	20	73	0	27	-1	0	0	0	0	0	0	0	0	0	0	0	0	0	0	0	0	0	0	0	0	0	0	0	0	0	0	8		0		辅助技能，法力 27（每级 -1），需求等级 24	0	(par1 * (lvl-1)) + ((skill('Bone Armor'.blvl)+skill('Bone Wall'.blvl))*par8)	hp % adjustment	0	0	1			
84	3	3	召唤抵抗	Summon Resist	89	24	20	74	0	44	-3	0	0	0	0	0	0	0	0	0	0	0	0	0	0	0	0	0	0	0	0	0	0	0	0	0	0	8		1		被动技能，需求等级 24	0			0	0	1			
85	3	3	钢铁石魔	IronGolem	90	24	20	80	0	35	0	0	0	0	0	0	0	0	0	0	0	0	0	0	0	0	0	0	0	0	0	0	0	0	0	0	0	8		0		辅助技能，法力 35（每级 +0），需求等级 24	0	skill('Golem Mastery'.ln12) + (skill('BloodGolem'.blvl)*skill('BloodGolem'.par8))	hp % adjustment	0	0	1			
86	3	1	降低抵抗	Lower Resist	91	30	20	77	0	22	0	0	0	0	0	0	0	0	0	0	0	0	0	0	0	0	0	0	0	0	0	0	0	0	0	0	0	8		0		辅助技能，法力 22（每级 +0），需求等级 30	0			0	0	1			
87	3	2	剧毒新星	Poison Nova	92	30	20	78	0	20	0	1	2	0	0	14	25	0	0	0	0	0	0	0	0	0	0	4	5	8	12	14	4	5	8	12	14	4	pois	0		毒素伤害 1-2，法力 20（每级 +0），需求等级 30	0			0	0	1	poisonnova		
88	3	2	骨魂	Bone Spirit	93	30	20	79	0	24	1	20	30	0	0	20	30	0	0	0	0	0	0	0	0	0	0	16	17	18	19	20	17	18	19	20	21	8	mag	0		魔法伤害 20-30，法力 24（每级 +1），需求等级 30	0	0	+ dmg%	0	0	0	bonespirit	bonespirit	
89	3	3	火焰石魔	FireGolem	94	30	20	85	0	50	10	10	27	0	0	10	27	0	0	0	0	0	0	0	0	0	0	9	10	11	12	13	10	11	12	13	14	8	fire	0		火焰伤害 10-27，法力 50（每级 +10），需求等级 30	0	skill('Golem Mastery'.ln12) + (skill('BloodGolem'.blvl)*skill('BloodGolem'.par8))	hp % adjustment	0	0	1			
90	3	3	复活	Revive	95	30	20	75	0	45	0	0	0	0	0	0	0	0	0	0	0	0	0	0	0	0	0	0	0	0	0	0	0	0	0	0	0	8		0		辅助技能，法力 45（每级 +0），需求等级 30	0	par1+skill('Skeleton Mastery'.lvl) * skill('Skeleton Mastery'.par3)	hp % adjustment	0	0	1			
91	4	1	牺牲	Sacrifice	96	1	20	0	0	0	0	0	0	0	0	0	0	0	0	0	0	0	0	0	0	0	0	0	0	0	0	0	0	0	0	0	0	8		0		武器伤害类攻击：武器伤害 ×128/128（官方 SrcDam）+ 伤害倍率 180%（每级 +15%），法力 0（每级 +0），需求等级 1	128	ln12+skill('Redemption'.blvl)*par8+skill('Fanaticism'.blvl)*par7	damage %	180	15	1			
92	4	1	重击	Smite	97	1	20	0	0	2	0	0	0	0	0	0	0	0	0	0	0	0	0	0	0	0	0	0	0	0	0	0	0	0	0	0	0	8		0		辅助技能，法力 2（每级 +0），需求等级 1	0	ln34	damage %	15	15	1			
93	4	2	力量	Might	98	1	20	0	0	0	0	0	0	0	0	0	0	0	0	0	0	0	0	0	0	0	0	0	0	0	0	0	0	0	0	0	0	8		0		辅助技能，法力 0（每级 +0），需求等级 1	0			0	0	1			
94	4	3	祈祷	Prayer	99	1	20	0	0	16	3	2	0	0	0	2	0	0	0	0	0	0	0	0	0	0	0	1	1	2	2	3	0	0	0	0	0	8	phys	0		辅助技能，法力 16（每级 +3），需求等级 1	0			0	0	1			
95	4	3	抗火	Resist Fire	100	1	20	0	0	0	0	0	0	0	0	0	0	0	0	0	0	0	0	0	0	0	0	0	0	0	0	0	0	0	0	0	0	8		0		辅助技能，法力 0（每级 +0），需求等级 1	0			0	0	1			
96	4	1	圣光弹	Holy Bolt	101	6	20	0	0	32	1	8	16	0	0	8	16	0	0	0	0	0	0	0	0	0	0	8	10	13	16	20	8	11	15	18	23	8	mag	0	holybolt	魔法伤害 8-16，法力 32（每级 +1），需求等级 6	0	ln12 * (100 + skill('Prayer'.blvl) * par7) / 100	min heal	0	0	1			
97	4	2	圣火	Holy Fire	102	6	20	93	0	0	0	1	3	0	0	2	6	0	0	0	0	0	0	0	0	0	0	1	2	3	5	7	1	2	3	5	7	7	fire	0		火焰伤害 1-3，法力 0（每级 +0），需求等级 6	0			0	0	1			
98	4	2	荆棘	Thorns	103	6	20	0	0	0	0	0	0	0	0	0	0	0	0	0	0	0	0	0	0	0	0	0	0	0	0	0	0	0	0	0	0	8		0		辅助技能，法力 0（每级 +0），需求等级 6	0			0	0	1			
99	4	3	反抗	Defiance	104	6	20	0	0	0	0	0	0	0	0	0	0	0	0	0	0	0	0	0	0	0	0	0	0	0	0	0	0	0	0	0	0	8		0		辅助技能，法力 0（每级 +0），需求等级 6	0			0	0	1			
100	4	3	抗寒	Resist Cold	105	6	20	0	0	0	0	0	0	0	0	0	0	0	0	0	0	0	0	0	0	0	0	0	0	0	0	0	0	0	0	0	0	8		0		辅助技能，法力 0（每级 +0），需求等级 6	0			0	0	1			
101	4	1	热诚	Zeal	106	12	20	91	0	2	0	0	0	0	0	0	0	0	0	0	0	0	0	0	0	0	0	0	0	0	0	0	0	0	0	0	0	8		0		武器伤害类攻击：武器伤害 ×128/128（官方 SrcDam）+ 伤害倍率 0%（每级 +0%），法力 2（每级 +0），需求等级 12	128	min((par5 + lvl -1), par6)	max targets	0	0	1			
102	4	1	冲锋	Charge	107	12	20	92	0	9	0	0	0	0	0	0	0	0	0	0	0	0	0	0	0	0	0	0	0	0	0	0	0	0	0	0	0	8		0		武器伤害类攻击：武器伤害 ×128/128（官方 SrcDam）+ 伤害倍率 100%（每级 +25%），法力 9（每级 +0），需求等级 12	128	ln34+(skill('Vigor'.blvl)+skill('Might'.blvl))*par8	damage %	100	25	1			
103	4	2	祝福瞄准	Blessed Aim	108	12	20	93	0	0	0	0	0	0	0	0	0	0	0	0	0	0	0	0	0	0	0	0	0	0	0	0	0	0	0	0	0	8		0		辅助技能，法力 0（每级 +0），需求等级 12	0			0	0	1			
104	4	3	净化	Cleansing	109	12	20	94	0	0	0	0	0	0	0	0	0	0	0	0	0	0	0	0	0	0	0	0	0	0	0	0	0	0	0	0	0	8		0		辅助技能，法力 0（每级 +0），需求等级 12	0			0	0	1			
105	4	3	抗电	Resist Lightning	110	12	20	0	0	0	0	0	0	0	0	0	0	0	0	0	0	0	0	0	0	0	0	0	0	0	0	0	0	0	0	0	0	8		0		辅助技能，法力 0（每级 +0），需求等级 12	0			0	0	1			
106	4	1	复仇	Vengeance	111	18	20	101	0	16	1	0	0	0	0	0	0	0	0	0	0	0	0	0	0	0	0	0	0	0	0	0	0	0	0	0	0	8	cold	0		武器伤害类攻击：武器伤害 ×128/128（官方 SrcDam）+ 伤害倍率 70%（每级 +6%），法力 16（每级 +1），需求等级 18	128	ln12+skill('Resist Fire'.blvl)*par8+skill('Salvation'.blvl)*par7	fire damage%	70	6	1			
107	4	1	祝福之锤	Blessed Hammer	112	18	20	96	0	20	1	12	16	0	0	12	16	0	0	0	0	0	0	0	0	0	0	8	10	12	13	14	8	10	12	13	14	8	mag	0		魔法伤害 12-16，法力 20（每级 +1），需求等级 18	0			0	0	1	blessedhammer		
108	4	2	专注	Concentration	113	18	20	103	0	0	0	0	0	0	0	0	0	0	0	0	0	0	0	0	0	0	0	0	0	0	0	0	0	0	0	0	0	8		0		辅助技能，法力 0（每级 +0），需求等级 18	0			0	0	1			
109	4	2	圣冰	Holy Freeze	114	18	20	97	0	0	0	2	3	0	0	2	3	0	0	0	0	0	0	0	0	0	0	1	2	3	4	5	1	2	3	4	5	8	cold	0		冰冷伤害 2-3，法力 0（每级 +0），需求等级 18	0			0	0	1			
110	4	3	精力	Vigor	115	18	20	104	0	0	0	0	0	0	0	0	0	0	0	0	0	0	0	0	0	0	0	0	0	0	0	0	0	0	0	0	0	8		0		辅助技能，法力 0（每级 +0），需求等级 18	0			0	0	1			
111	4	1	转化	Conversion	116	24	20	106	0	4	0	0	0	0	0	0	0	0	0	0	0	0	0	0	0	0	0	0	0	0	0	0	0	0	0	0	0	8		0		武器伤害类攻击：武器伤害 ×128/128（官方 SrcDam）+ 伤害倍率 0%（每级 +0%），法力 4（每级 +0），需求等级 24	128	dm34	chance to convert	0	0	1			
112	4	1	圣盾	Holy Shield	117	24	20	102	0	35	0	3	6	3	6	0	0	2	3	4	4	4	2	3	4	4	4	0	0	0	0	0	0	0	0	0	0	8	phys	0		物理伤害 3-6，法力 35（每级 +0），需求等级 24	0	ln34+skill('Defiance'.blvl)*par8	ac bonus to shield	0	0	1			
113	4	2	圣光	Holy Shock	118	24	20	109	0	0	0	1	10	0	0	1	10	0	0	0	0	0	0	0	0	0	0	0	0	0	0	0	6	8	10	12	15	8	ltng	0		闪电伤害 1-10，法力 0（每级 +0），需求等级 24	0			0	0	1			
114	4	2	庇护所	Sanctuary	119	24	20	98	0	1	0	8	16	0	0	8	16	0	0	0	0	0	0	0	0	0	0	4	4	5	5	6	4	5	6	6	7	8	mag	0		魔法伤害 8-16，法力 1（每级 +0），需求等级 24	0			0	0	1			
115	4	3	冥想	Meditation	120	24	20	104	0	0	0	0	0	0	0	0	0	0	0	0	0	0	0	0	0	0	0	0	0	0	0	0	0	0	0	0	0	8		0		辅助技能，法力 0（每级 +0），需求等级 24	0			0	0	1			
116	4	1	天堂之拳	Fist of the Heavens	121	30	20	107	0	25	0	150	200	0	0	150	200	0	0	0	0	0	0	0	0	0	0	15	30	45	55	65	15	30	45	55	65	8	ltng	0		闪电伤害 150-200，法力 25（每级 +0），需求等级 30	0	ln34	min heal	0	0	1	fistoftheheavensdelay		
117	4	2	狂热	Fanaticism	122	30	20	108	0	0	0	0	0	0	0	0	0	0	0	0	0	0	0	0	0	0	0	0	0	0	0	0	0	0	0	0	0	8		0		辅助技能，法力 0（每级 +0），需求等级 30	0			0	0	1			
118	4	2	审判	Conviction	123	30	20	114	0	0	0	0	0	0	0	0	0	0	0	0	0	0	0	0	0	0	0	0	0	0	0	0	0	0	0	0	0	8		0		辅助技能，法力 0（每级 +0），需求等级 30	0			0	0	1			
119	4	3	救赎	Redemption	124	30	20	110	0	0	0	0	0	0	0	0	0	0	0	0	0	0	0	0	0	0	0	0	0	0	0	0	0	0	0	0	0	8		0		辅助技能，法力 0（每级 +0），需求等级 30	0	dm34	chance to redeem	0	0	1			
120	4	3	救世	Salvation	125	30	20	0	0	0	0	0	0	0	0	0	0	0	0	0	0	0	0	0	0	0	0	0	0	0	0	0	0	0	0	0	0	8		0		辅助技能，法力 0（每级 +0），需求等级 30	0			0	0	1			
121	5	1	重击	Bash	126	1	20	0	0	2	0	0	0	0	0	0	0	0	0	0	0	0	0	0	0	0	0	0	0	0	0	0	0	0	0	0	0	8		0		武器伤害类攻击：武器伤害 ×128/128（官方 SrcDam）+ 伤害倍率 50%（每级 +5%），法力 2（每级 +0），需求等级 1	128	ln12+skill('Stun'.blvl)*par8	damage%	50	5	1			
122	5	2	剑精通	Sword Mastery	127	1	20	0	0	0	0	0	0	0	0	0	0	0	0	0	0	0	0	0	0	0	0	0	0	0	0	0	0	0	0	0	0	8		1		被动技能，需求等级 1	0			0	0	1			
123	5	2	斧精通	Axe Mastery	128	1	20	0	0	0	0	0	0	0	0	0	0	0	0	0	0	0	0	0	0	0	0	0	0	0	0	0	0	0	0	0	0	8		1		被动技能，需求等级 1	0			0	0	1			
124	5	2	锤精通	Mace Mastery	129	1	20	0	0	0	0	0	0	0	0	0	0	0	0	0	0	0	0	0	0	0	0	0	0	0	0	0	0	0	0	0	0	8		1		被动技能，需求等级 1	0			0	0	1			
125	5	3	咆哮	Howl	130	1	20	0	0	4	0	0	0	0	0	0	0	0	0	0	0	0	0	0	0	0	0	0	0	0	0	0	0	0	0	0	0	8		0		辅助技能，法力 4（每级 +0），需求等级 1	0	par1 * (lvl-1)	velocity adder	0	0	1	howl		
126	5	3	寻找药水	Find Potion	131	1	20	0	0	2	0	0	0	0	0	0	0	0	0	0	0	0	0	0	0	0	0	0	0	0	0	0	0	0	0	0	0	8		0		辅助技能，法力 2（每级 +0），需求等级 1	0	dm12	chance	0	0	1			
127	5	1	跳跃	Leap	132	6	20	0	0	2	0	0	0	0	0	0	0	0	0	0	0	0	0	0	0	0	0	0	0	0	0	0	0	0	0	0	0	8		0		辅助技能，法力 2（每级 +0），需求等级 6	0	ln34	knockback radius	0	0	1	leapknockback		
128	5	1	双手挥舞	Double Swing	133	6	20	121	0	8	-1	0	0	0	0	0	0	0	0	0	0	0	0	0	0	0	0	0	0	0	0	0	0	0	0	0	0	8		0		武器伤害类攻击：武器伤害 ×128/128（官方 SrcDam）+ 伤害倍率不可静态解析（官方 calc1="skill('Bash'.blvl)*par8"），法力 8（每级 -1），需求等级 6	128	skill('Bash'.blvl)*par8	damage%	0	0	0			
129	5	2	长柄武器精通	Pole Arm Mastery	134	6	20	0	0	0	0	0	0	0	0	0	0	0	0	0	0	0	0	0	0	0	0	0	0	0	0	0	0	0	0	0	0	8		1		被动技能，需求等级 6	0			0	0	1			
130	5	2	投掷精通	Throwing Mastery	135	6	20	0	0	0	0	0	0	0	0	0	0	0	0	0	0	0	0	0	0	0	0	0	0	0	0	0	0	0	0	0	0	8		1		被动技能，需求等级 6	0			0	0	1			
131	5	2	长矛精通	Spear Mastery	136	6	20	0	0	0	0	0	0	0	0	0	0	0	0	0	0	0	0	0	0	0	0	0	0	0	0	0	0	0	0	0	0	8		1		被动技能，需求等级 6	0			0	0	1			
132	5	3	嘲讽	Taunt	137	6	20	125	0	3	0	0	0	0	0	0	0	0	0	0	0	0	0	0	0	0	0	0	0	0	0	0	0	0	0	0	0	8		0		辅助技能，法力 3（每级 +0），需求等级 6	0			0	0	1			
133	5	3	吼叫	Shout	138	6	20	125	0	6	0	0	0	0	0	0	0	0	0	0	0	0	0	0	0	0	0	0	0	0	0	0	0	0	0	0	0	8		0		辅助技能，法力 6（每级 +0），需求等级 6	0			0	0	1	shout		
134	5	1	击晕	Stun	139	12	20	121	0	2	0	0	0	0	0	0	0	0	0	0	0	0	0	0	0	0	0	0	0	0	0	0	0	0	0	0	0	8	phys	0		武器伤害类攻击：武器伤害 ×128/128（官方 SrcDam）+ 伤害倍率不可静态解析（官方 calc1="skill('Bash'.blvl)*par8"），法力 2（每级 +0），需求等级 12	128	skill('Bash'.blvl)*par8		0	0	0			
135	5	1	双手投掷	Double Throw	140	12	20	128	0	1	0	0	0	0	0	0	0	0	0	0	0	0	0	0	0	0	0	0	0	0	0	0	0	0	0	0	0	8		0		武器伤害类攻击：武器伤害 ×128/128（官方 SrcDam）+ 伤害倍率不可静态解析（官方 calc1="skill('Double Swing'.blvl)*par8"），法力 1（每级 +0），需求等级 12	128	skill('Double Swing'.blvl)*par8	damage%	0	0	0			
136	5	2	增加耐力	Increased Stamina	141	12	20	0	0	0	0	0	0	0	0	0	0	0	0	0	0	0	0	0	0	0	0	0	0	0	0	0	0	0	0	0	0	8		1		被动技能，需求等级 12	0			0	0	1			
137	5	3	寻找物品	Find Item	142	12	20	126	0	7	0	0	0	0	0	0	0	0	0	0	0	0	0	0	0	0	0	0	0	0	0	0	0	0	0	0	0	8		0		辅助技能，法力 7（每级 +0），需求等级 12	0	dm12	chance	0	0	1			
138	5	1	跳跃攻击	Leap Attack	143	18	20	127	0	9	0	0	0	0	0	0	0	0	0	0	0	0	0	0	0	0	0	0	0	0	0	0	0	0	0	0	0	8		0		武器伤害类攻击：武器伤害 ×128/128（官方 SrcDam）+ 伤害倍率不可静态解析（官方 calc1="ln34+skill('Leap'.blvl)*par8"），法力 9（每级 +0），需求等级 18	128	ln34+skill('Leap'.blvl)*par8		0	0	0			
139	5	1	集中	Concentrate	144	18	20	134	0	2	0	0	0	0	0	0	0	0	0	0	0	0	0	0	0	0	0	0	0	0	0	0	0	0	0	0	0	8	mag	0		武器伤害类攻击：武器伤害 ×128/128（官方 SrcDam）+ 伤害倍率 70%（每级 +5%），法力 2（每级 +0），需求等级 18	128	ln12+skill('Bash'.blvl)*par8+skill('Battle Orders'.blvl)*par7	damage%	70	5	1			
140	5	2	铁皮	Iron Skin	145	18	20	0	0	0	0	0	0	0	0	0	0	0	0	0	0	0	0	0	0	0	0	0	0	0	0	0	0	0	0	0	0	8		1		被动技能，需求等级 18	0			0	0	1			
141	5	3	战嗥	Battle Cry	146	18	20	132	0	5	0	0	0	0	0	0	0	0	0	0	0	0	0	0	0	0	0	0	0	0	0	0	0	0	0	0	0	8		0		辅助技能，法力 5（每级 +0），需求等级 18	0			0	0	1	battlecry		
142	5	1	狂乱	Frenzy	147	24	20	135	0	3	0	0	0	0	0	0	0	0	0	0	0	0	0	0	0	0	0	0	0	0	0	0	0	0	0	0	0	8	mag	0		武器伤害类攻击：武器伤害 ×128/128（官方 SrcDam）+ 伤害倍率 90%（每级 +5%），法力 3（每级 +0），需求等级 24	128	ln12+(skill('Double Swing'.blvl) + skill('Taunt'.blvl))*par8	damage%	90	5	1			
143	5	2	提升速度	Increased Speed	148	24	20	136	0	0	0	0	0	0	0	0	0	0	0	0	0	0	0	0	0	0	0	0	0	0	0	0	0	0	0	0	0	8		1		被动技能，需求等级 24	0			0	0	1			
144	5	3	战斗体制	Battle Orders	149	24	20	133	0	7	0	0	0	0	0	0	0	0	0	0	0	0	0	0	0	0	0	0	0	0	0	0	0	0	0	0	0	8		0		辅助技能，法力 7（每级 +0），需求等级 24	0			0	0	1	battleorders		
145	5	3	恐怖图腾	Grim Ward	150	24	20	137	0	4	0	0	0	0	0	0	0	0	0	0	0	0	0	0	0	0	0	0	0	0	0	0	0	0	0	0	0	8		0		辅助技能，法力 4（每级 +0），需求等级 24	0	ln34	ward duration	0	0	1	grimwardmediumstart	grimwardsmallstart	grimwardlargestart
146	5	1	旋风暴	Whirlwind	151	30	20	138	0	50	1	0	0	0	0	0	0	0	0	0	0	0	0	0	0	0	0	0	0	0	0	0	0	0	0	0	0	8		0		武器伤害类攻击：武器伤害 ×128/128（官方 SrcDam）+ 伤害倍率 -50%（每级 +8%），法力 50（每级 +1），需求等级 30	128	ln12	damage%	-50	8	1			
147	5	1	狂暴	Berserk	152	30	20	139	0	4	0	0	0	0	0	0	0	0	0	0	0	0	0	0	0	0	0	0	0	0	0	0	0	0	0	0	0	8	mag	0		武器伤害类攻击：武器伤害 ×128/128（官方 SrcDam）+ 伤害倍率 150%（每级 +15%），法力 4（每级 +0），需求等级 30	128	ln12+(skill('Howl'.blvl) + skill('Shout'.blvl))*par8	damage%	150	15	1			
148	5	2	天然抗性	Natural Resistance	153	30	20	140	0	0	0	0	0	0	0	0	0	0	0	0	0	0	0	0	0	0	0	0	0	0	0	0	0	0	0	0	0	8		1		被动技能，需求等级 30	0			0	0	1			
149	5	3	战吼	War Cry	154	30	20	141	0	10	1	20	30	20	30	0	0	6	7	8	9	10	6	7	8	9	10	0	0	0	0	0	0	0	0	0	0	8	phys	0		物理伤害 20-30，法力 10（每级 +1），需求等级 30	0			0	0	1	warcry		
150	5	3	战斗指挥	Battle Command	155	30	20	144	0	11	0	0	0	0	0	0	0	0	0	0	0	0	0	0	0	0	0	0	0	0	0	0	0	0	0	0	0	8		0		辅助技能，法力 11（每级 +0），需求等级 30	0			0	0	1	battlecommand		
