id	name	code	source	type	subtype	grid_w	grid_h	lvl_req	item_level	str_req	dex_req	dmg_min	dmg_max	dmg2_min	dmg2_max	str_bonus	dex_bonus	mis_min	mis_max	def_min	def_max	block	price	stack	min_stack	max_stack	two_handed	one_or_two	speed	sockets	belt_slots	quest
1	手斧	hax	weap	axe	1hs	1	3	0	3	0	0	3	6	0	0	100	0	0	0	0	0	0	170	0	0	0	0	0	0	2	0	0
2	斧	axe	weap	axe	1hs	2	3	0	7	32	0	4	11	0	0	100	0	0	0	0	0	0	403	0	0	0	0	0	10	4	0	0
3	大斧	lax	weap	axe	stf	2	3	0	6	35	0	6	13	6	13	100	0	0	0	0	0	0	354	0	0	0	1	0	-10	4	0	0
4	阔斧	bax	weap	axe	stf	2	3	0	12	48	0	10	18	10	18	100	0	0	0	0	0	0	806	0	0	0	1	0	0	5	0	0
5	法杖	wnd	weap	wand	1hs	1	2	0	2	0	0	2	4	0	0	100	0	0	0	0	0	0	205	0	0	0	0	0	0	1	0	0
6	紫杉木法杖	ywn	weap	wand	1hs	1	2	0	12	0	0	2	8	0	0	100	0	0	0	0	0	0	745	0	0	0	0	0	10	1	0	0
7	木棒	clb	weap	club	1hs	1	3	0	1	0	0	1	6	0	0	100	0	0	0	0	0	0	32	0	0	0	0	0	-10	2	0	0
8	权杖	scp	weap	scep	1hs	1	3	0	3	25	0	6	11	0	0	100	0	0	0	0	0	0	350	0	0	0	0	0	0	2	0	0
9	尖刺棒	spc	weap	club	1hs	1	3	0	4	0	0	5	8	0	0	100	0	0	0	0	0	0	225	0	0	0	0	0	0	2	0	0
10	钉头锤	mac	weap	mace	1hs	1	3	0	8	27	0	3	10	0	0	100	0	0	0	0	0	0	463	0	0	0	0	0	0	2	0	0
11	短剑	ssd	weap	swor	1hs	1	3	0	1	0	0	2	7	0	0	100	0	0	0	0	0	0	72	0	0	0	0	0	0	2	0	0
12	弯刀	scm	weap	swor	1hs	1	3	0	5	0	21	2	6	0	0	100	0	0	0	0	0	0	274	0	0	0	0	0	-20	2	0	0
13	军刀	sbr	weap	swor	1hs	1	3	0	8	25	25	3	8	0	0	100	0	0	0	0	0	0	466	0	0	0	0	0	-10	2	0	0
14	弯月刀	flc	weap	swor	1hs	1	3	0	11	33	0	9	17	0	0	100	0	0	0	0	0	0	683	0	0	0	0	0	20	2	0	0
15	水晶剑	crs	weap	swor	1hs	2	3	0	11	43	0	5	15	0	0	100	0	0	0	0	0	0	2127	0	0	0	0	0	0	6	0	0
16	双手剑	2hs	weap	swor	1hs	1	4	0	10	35	27	2	9	8	17	100	0	0	0	0	0	0	644	0	0	0	1	1	0	3	0	0
17	匕首	dgr	weap	knif	1ht	1	2	0	3	0	0	1	4	0	0	75	75	0	0	0	0	0	60	0	0	0	0	0	-20	1	0	0
18	德克短剑	dir	weap	knif	1ht	1	2	0	9	0	25	3	9	0	0	75	75	0	0	0	0	0	532	0	0	0	0	0	0	1	0	0
19	投掷小刀	tkf	weap	tkni	1ht	1	2	0	2	0	21	2	3	0	0	75	75	4	9	0	0	0	6	1	40	160	0	0	0	0	0	0
20	投掷斧	tax	weap	taxe	1hs	1	2	0	7	0	40	4	7	0	0	75	75	8	12	0	0	0	11	1	16	130	0	0	10	0	0	0
21	标枪	jav	weap	jave	1ht	1	3	0	1	0	0	1	5	0	0	75	75	6	14	0	0	0	5	1	30	60	0	0	-10	0	0	0
22	重标枪	pil	weap	jave	1ht	1	3	0	10	0	45	4	9	0	0	75	75	7	20	0	0	0	18	1	25	50	0	0	0	0	0	0
23	长矛	spr	weap	spea	2ht	2	4	0	5	0	20	3	15	3	15	100	0	0	0	0	0	0	300	0	0	0	1	0	-10	3	0	0
24	三叉戟	tri	weap	spea	2ht	2	4	0	9	38	24	9	15	9	15	100	0	0	0	0	0	0	683	0	0	0	1	0	0	4	0	0
25	长柄斧	bar	weap	pole	stf	2	4	0	5	40	0	1	27	1	27	100	0	0	0	0	0	0	302	0	0	0	1	0	10	3	0	0
26	大砍刀	vou	weap	pole	stf	2	4	0	11	50	0	6	21	6	21	100	0	0	0	0	0	0	611	0	0	0	1	0	0	4	0	0
27	短杖	sst	weap	staf	stf	1	3	0	1	0	0	1	5	1	5	100	0	0	0	0	0	0	168	0	0	0	1	0	-10	2	0	0
28	长杖	lst	weap	staf	stf	1	4	0	8	0	0	2	8	2	8	100	0	0	0	0	0	0	463	0	0	0	1	0	0	3	0	0
29	扭曲法杖	cst	weap	staf	stf	1	4	0	12	0	0	4	12	4	12	100	0	0	0	0	0	0	766	0	0	0	1	0	10	4	0	0
30	短弓	sbw	weap	bow	bow	2	3	0	1	0	15	1	4	1	4	0	100	0	0	0	0	0	100	0	0	0	1	0	5	3	0	0
31	猎人之弓	hbw	weap	bow	bow	2	3	0	5	0	28	2	6	2	6	0	100	0	0	0	0	0	350	0	0	0	1	0	-10	4	0	0
32	长弓	lbw	weap	bow	bow	2	4	0	8	22	19	3	10	3	10	0	100	0	0	0	0	0	490	0	0	0	1	0	0	5	0	0
33	复合弓	cbw	weap	bow	bow	2	3	0	12	25	35	4	8	4	8	0	100	0	0	0	0	0	727	0	0	0	1	0	-10	4	0	0
34	轻弩	lxb	weap	xbow	xbw	2	3	0	6	21	27	6	9	6	9	0	100	0	0	0	0	0	803	0	0	0	1	0	-10	3	0	0
35	窒息毒气药水	gpl	weap	tpot	1ht	1	1	6	8	0	0	0	1	0	0	0	0	0	0	0	0	0	40	1	3	25	0	0	0	0	0	0
36	爆裂药水	opl	weap	tpot	1ht	1	1	0	4	0	0	0	1	0	0	0	0	0	0	0	0	0	24	1	3	25	0	0	0	0	0	0
37	拳刃	ktr	weap	h2h	ht1	1	3	0	1	20	20	4	7	0	0	75	75	0	0	0	0	0	72	0	0	0	0	0	-10	2	0	0
38	腕刃	wrb	weap	h2h	ht1	1	3	0	9	33	33	5	9	0	0	75	75	0	0	0	0	0	220	0	0	0	0	0	0	2	0	0
39	短斧爪	axf	weap	h2h	ht1	1	3	0	12	37	37	2	15	0	0	75	75	0	0	0	0	0	466	0	0	0	0	0	10	2	0	0
40	鹰眼宝珠	ob1	weap	orb	1hs	1	2	0	1	0	0	2	5	0	0	100	0	0	0	0	0	0	168	0	0	0	0	0	-10	4	0	0
41	神圣球体	ob2	weap	orb	1hs	1	2	0	8	0	0	3	8	0	0	100	0	0	0	0	0	0	463	0	0	0	0	0	-10	4	0	0
42	烟晶球	ob3	weap	orb	1hs	1	2	8	12	0	0	4	10	0	0	100	0	0	0	0	0	0	766	0	0	0	0	0	0	4	0	0
43	帽子	cap	armo	helm		2	2	0	1	0	0	0	0	0	0	0	0	0	0	3	5	0	64	0	0	0	0	0	0	2	0	0
44	骷髅帽	skp	armo	helm		2	2	0	5	15	0	0	0	0	0	0	0	0	0	8	11	0	441	0	0	0	0	0	0	2	0	0
45	盔	hlm	armo	helm		2	2	0	11	26	0	0	0	0	0	0	0	0	0	15	18	0	1558	0	0	0	0	0	0	2	0	0
46	缝制甲	qui	armo	tors		2	3	0	1	12	0	0	0	0	0	0	0	0	0	8	11	0	140	0	0	0	0	0	0	2	0	0
47	皮甲	lea	armo	tors		2	3	0	3	15	0	0	0	0	0	0	0	0	0	14	17	0	481	0	0	0	0	0	0	2	0	0
48	硬皮甲	hla	armo	tors		2	3	0	5	20	0	0	0	0	0	0	0	0	0	21	24	0	1060	0	0	0	0	0	0	2	0	0
49	镶钉皮甲	stu	armo	tors		2	3	0	8	27	0	0	0	0	0	0	0	0	0	32	35	0	2385	0	0	0	0	0	0	2	0	0
50	锁环甲	rng	armo	tors		2	3	0	11	36	0	0	0	0	0	0	0	0	0	45	48	0	4428	0	0	0	0	0	5	3	0	0
51	圆盾	buc	armo	shie		2	2	0	1	12	0	0	0	0	0	100	0	0	0	4	6	0	68	0	0	0	0	0	0	1	0	0
52	小盾	sml	armo	shie		2	2	0	5	22	0	0	0	0	0	100	0	0	0	8	10	5	410	0	0	0	0	0	0	2	0	0
53	大盾	lrg	armo	shie		2	3	0	11	34	0	0	0	0	0	100	0	0	0	12	14	12	1214	0	0	0	0	0	5	3	0	0
54	轻型手套	lgl	armo	glov		2	2	0	3	0	0	0	0	0	0	0	0	0	0	2	3	0	80	0	0	0	0	0	0	0	0	0
55	重型手套	vgl	armo	glov		2	2	0	7	0	0	0	0	0	0	0	0	0	0	5	6	0	352	0	0	0	0	0	0	0	0	0
56	中护腕	mgl	armo	glov		2	2	0	12	25	0	0	0	0	0	0	0	0	0	8	9	0	859	0	0	0	0	0	0	0	0	0
57	皮靴	lbt	armo	boot		2	2	0	3	0	0	0	0	0	0	120	0	0	0	2	3	0	80	0	0	0	0	0	0	0	0	0
58	重型靴	vbt	armo	boot		2	2	0	7	18	0	0	0	0	0	120	0	0	0	5	6	0	334	0	0	0	0	0	0	0	0	0
59	锁甲靴	mbt	armo	boot		2	2	0	12	30	0	0	0	0	0	120	0	0	0	8	9	0	854	0	0	0	0	0	0	0	0	0
60	饰带	lbl	armo	belt		2	1	0	3	0	0	0	0	0	0	0	0	0	0	2	2	0	64	0	0	0	0	0	0	0	1	0
61	轻腰带	vbl	armo	belt		2	1	0	7	0	0	0	0	0	0	0	0	0	0	3	3	0	192	0	0	0	0	0	0	0	4	0
62	中腰带	mbl	armo	belt		2	1	0	12	25	0	0	0	0	0	0	0	0	0	5	5	0	495	0	0	0	0	0	0	0	0	0
63	尖刺盾	spk	armo	shie		2	3	0	11	30	0	0	0	0	0	100	0	0	0	15	25	10	1890	0	0	0	0	0	0	2	0	0
64	狼头盔	dr1	armo	pelt		2	2	3	4	16	0	0	0	0	0	0	0	0	0	8	11	0	364	0	0	0	0	0	0	3	0	0
65	鹰盔	dr2	armo	pelt		2	2	6	8	20	0	0	0	0	0	0	0	0	0	4	15	0	664	0	0	0	0	0	0	3	0	0
66	颚骨帽	ba1	armo	phlm		2	2	3	4	25	0	0	0	0	0	0	0	0	0	10	15	0	320	0	0	0	0	0	0	3	0	0
67	獠牙盔	ba2	armo	phlm		2	2	6	8	35	0	0	0	0	0	0	0	0	0	15	20	0	750	0	0	0	0	0	0	3	0	0
68	小圆盾	pa1	armo	ashd		2	2	3	4	16	0	0	0	0	0	100	0	0	0	8	12	10	384	0	0	0	0	0	0	4	0	0
69	圆盾（圣骑士）	pa2	armo	ashd		2	2	6	8	26	0	0	0	0	0	100	0	0	0	10	18	15	982	0	0	0	0	0	0	4	0	0
70	保存的头颅	ne1	armo	head		2	2	3	4	12	0	0	0	0	0	0	0	0	0	2	5	3	128	0	0	0	0	0	0	2	0	0
71	丧尸头颅	ne2	armo	head		2	2	6	8	14	0	0	0	0	0	0	0	0	0	4	8	5	418	0	0	0	0	0	0	2	0	0
72	治疗药水（经典）	hpo	misc	hpot		1	1	0	0	0	0	0	0	0	0	0	0	0	0	0	0	0	30	0	0	0	0	0	0	0	1	0
73	法力药水（经典）	mpo	misc	mpot		1	1	0	0	0	0	0	0	0	0	0	0	0	0	0	0	0	30	0	0	0	0	0	0	0	1	0
74	全满治疗药水	hpf	misc	hpot		1	1	0	0	0	0	0	0	0	0	0	0	0	0	0	0	0	150	0	0	0	0	0	0	0	1	0
75	全满法力药水	mpf	misc	mpot		1	1	0	0	0	0	0	0	0	0	0	0	0	0	0	0	0	150	0	0	0	0	0	0	0	1	0
76	耐力药水	vps	misc	spot		1	1	0	0	0	0	0	0	0	0	0	0	0	0	0	0	0	25	0	0	0	0	0	0	0	1	0
77	解毒药水	yps	misc	apot		1	1	0	0	0	0	0	0	0	0	0	0	0	0	0	0	0	40	0	0	0	0	0	0	0	1	0
78	回复药水	rvs	misc	rpot		1	1	0	0	0	0	0	0	0	0	0	0	0	0	0	0	0	400	0	0	0	0	0	0	0	1	0
79	全满回复药水	rvl	misc	rpot		1	1	0	0	0	0	0	0	0	0	0	0	0	0	0	0	0	1500	0	0	0	0	0	0	0	1	0
80	解冻药水	wms	misc	wpot		1	1	0	0	0	0	0	0	0	0	0	0	0	0	0	0	0	25	0	0	0	0	0	0	0	1	0
81	回城之书	tbk	misc	book		1	2	0	0	0	0	0	0	0	0	0	0	0	0	0	0	0	250	1	1	20	0	0	0	0	0	0
82	鉴定之书	ibk	misc	book		1	2	0	0	0	0	0	0	0	0	0	0	0	0	0	0	0	200	1	1	20	0	0	0	0	0	0
83	项链	amu	misc	amul		1	1	0	1	0	0	0	0	0	0	0	0	0	0	0	0	0	2400	0	0	0	0	0	0	1	0	0
84	戒指	rin	misc	ring		1	1	0	1	0	0	0	0	0	0	0	0	0	0	0	0	0	1800	0	0	0	0	0	0	1	0	0
85	金币	gld	misc	gold		1	1	0	0	0	0	0	0	0	0	0	0	0	0	0	0	0	0	1	0	5000	0	0	0	0	0	0
86	箭矢	aqv	misc	bowq		1	3	0	0	0	0	0	0	0	0	0	0	0	0	0	0	0	256	1	100	350	0	0	0	0	0	0
87	火把	tch	misc	torc		1	2	0	0	0	0	0	0	0	0	0	0	0	0	0	0	0	50	0	2	10	0	0	0	0	0	0
88	弩箭	cqv	misc	xboq		1	3	0	0	0	0	0	0	0	0	0	0	0	0	0	0	0	256	1	60	250	0	0	0	0	0	0
89	回城卷轴	tsc	misc	scro		1	1	0	0	0	0	0	0	0	0	0	0	0	0	0	0	0	100	0	0	0	0	0	0	0	1	0
90	鉴定卷轴	isc	misc	scro		1	1	0	0	0	0	0	0	0	0	0	0	0	0	0	0	0	80	0	0	0	0	0	0	0	1	0
91	骷髅钥匙	key	misc	key		1	1	0	0	0	0	0	0	0	0	0	0	0	0	0	0	0	45	1	1	12	0	0	0	0	0	0
92	玩家之耳	ear	misc	play		1	1	0	0	0	0	0	0	0	0	0	0	0	0	0	0	0	0	0	0	0	0	0	0	0	0	0
93	碎裂的紫水晶	gcv	misc	gema	gem0	1	1	1	0	0	0	0	0	0	0	0	0	0	0	0	0	0	500	0	0	0	0	0	0	0	0	0
94	有裂痕的紫水晶	gfv	misc	gema	gem1	1	1	5	0	0	0	0	0	0	0	0	0	0	0	0	0	0	1500	0	0	0	0	0	0	0	0	0
95	紫水晶	gsv	misc	gema	gem2	1	1	12	0	0	0	0	0	0	0	0	0	0	0	0	0	0	5000	0	0	0	0	0	0	0	0	0
96	无暇的紫水晶	gzv	misc	gema	gem3	1	1	15	0	0	0	0	0	0	0	0	0	0	0	0	0	0	15000	0	0	0	0	0	0	0	0	0
97	完美的紫水晶	gpv	misc	gema	gem4	1	1	18	0	0	0	0	0	0	0	0	0	0	0	0	0	0	30000	0	0	0	0	0	0	0	0	0
98	碎裂的黄玉	gcy	misc	gemt	gem0	1	1	1	0	0	0	0	0	0	0	0	0	0	0	0	0	0	500	0	0	0	0	0	0	0	0	0
99	有裂痕的黄玉	gfy	misc	gemt	gem1	1	1	5	0	0	0	0	0	0	0	0	0	0	0	0	0	0	1500	0	0	0	0	0	0	0	0	0
100	黄玉	gsy	misc	gemt	gem2	1	1	12	0	0	0	0	0	0	0	0	0	0	0	0	0	0	5000	0	0	0	0	0	0	0	0	0
101	无暇的黄玉	gly	misc	gemt	gem3	1	1	15	0	0	0	0	0	0	0	0	0	0	0	0	0	0	15000	0	0	0	0	0	0	0	0	0
102	完美的黄玉	gpy	misc	gemt	gem4	1	1	18	0	0	0	0	0	0	0	0	0	0	0	0	0	0	30000	0	0	0	0	0	0	0	0	0
103	碎裂的蓝宝石	gcb	misc	gems	gem0	1	1	1	0	0	0	0	0	0	0	0	0	0	0	0	0	0	500	0	0	0	0	0	0	0	0	0
104	有裂痕的蓝宝石	gfb	misc	gems	gem1	1	1	5	0	0	0	0	0	0	0	0	0	0	0	0	0	0	1500	0	0	0	0	0	0	0	0	0
105	蓝宝石	gsb	misc	gems	gem2	1	1	12	0	0	0	0	0	0	0	0	0	0	0	0	0	0	5000	0	0	0	0	0	0	0	0	0
106	无暇的蓝宝石	glb	misc	gems	gem3	1	1	15	0	0	0	0	0	0	0	0	0	0	0	0	0	0	15000	0	0	0	0	0	0	0	0	0
107	完美的蓝宝石	gpb	misc	gems	gem4	1	1	18	0	0	0	0	0	0	0	0	0	0	0	0	0	0	30000	0	0	0	0	0	0	0	0	0
108	碎裂的绿宝石	gcg	misc	geme	gem0	1	1	1	0	0	0	0	0	0	0	0	0	0	0	0	0	0	500	0	0	0	0	0	0	0	0	0
109	有裂痕的绿宝石	gfg	misc	geme	gem1	1	1	5	0	0	0	0	0	0	0	0	0	0	0	0	0	0	1500	0	0	0	0	0	0	0	0	0
110	绿宝石	gsg	misc	geme	gem2	1	1	12	0	0	0	0	0	0	0	0	0	0	0	0	0	0	5000	0	0	0	0	0	0	0	0	0
111	无暇的绿宝石	glg	misc	geme	gem3	1	1	15	0	0	0	0	0	0	0	0	0	0	0	0	0	0	15000	0	0	0	0	0	0	0	0	0
112	完美的绿宝石	gpg	misc	geme	gem4	1	1	18	0	0	0	0	0	0	0	0	0	0	0	0	0	0	30000	0	0	0	0	0	0	0	0	0
113	碎裂的红宝石	gcr	misc	gemr	gem0	1	1	1	0	0	0	0	0	0	0	0	0	0	0	0	0	0	500	0	0	0	0	0	0	0	0	0
114	有裂痕的红宝石	gfr	misc	gemr	gem1	1	1	5	0	0	0	0	0	0	0	0	0	0	0	0	0	0	1500	0	0	0	0	0	0	0	0	0
115	红宝石	gsr	misc	gemr	gem2	1	1	12	0	0	0	0	0	0	0	0	0	0	0	0	0	0	5000	0	0	0	0	0	0	0	0	0
116	无暇的红宝石	glr	misc	gemr	gem3	1	1	15	0	0	0	0	0	0	0	0	0	0	0	0	0	0	15000	0	0	0	0	0	0	0	0	0
117	完美的红宝石	gpr	misc	gemr	gem4	1	1	18	0	0	0	0	0	0	0	0	0	0	0	0	0	0	30000	0	0	0	0	0	0	0	0	0
118	碎裂的钻石	gcw	misc	gemd	gem0	1	1	1	0	0	0	0	0	0	0	0	0	0	0	0	0	0	500	0	0	0	0	0	0	0	0	0
119	有裂痕的钻石	gfw	misc	gemd	gem1	1	1	5	0	0	0	0	0	0	0	0	0	0	0	0	0	0	1500	0	0	0	0	0	0	0	0	0
120	钻石	gsw	misc	gemd	gem2	1	1	12	0	0	0	0	0	0	0	0	0	0	0	0	0	0	5000	0	0	0	0	0	0	0	0	0
121	无暇的钻石	glw	misc	gemd	gem3	1	1	15	0	0	0	0	0	0	0	0	0	0	0	0	0	0	15000	0	0	0	0	0	0	0	0	0
122	完美的钻石	gpw	misc	gemd	gem4	1	1	18	0	0	0	0	0	0	0	0	0	0	0	0	0	0	30000	0	0	0	0	0	0	0	0	0
123	微型治疗药水	hp1	misc	hpot		1	1	0	0	0	0	0	0	0	0	0	0	0	0	0	0	0	30	0	0	0	0	0	0	0	1	0
124	轻型治疗药水	hp2	misc	hpot		1	1	0	0	0	0	0	0	0	0	0	0	0	0	0	0	0	75	0	0	0	0	0	0	0	1	0
125	治疗药水	hp3	misc	hpot		1	1	0	0	0	0	0	0	0	0	0	0	0	0	0	0	0	125	0	0	0	0	0	0	0	1	0
126	强力治疗药水	hp4	misc	hpot		1	1	0	0	0	0	0	0	0	0	0	0	0	0	0	0	0	250	0	0	0	0	0	0	0	1	0
127	高级治疗药水	hp5	misc	hpot		1	1	0	0	0	0	0	0	0	0	0	0	0	0	0	0	0	500	0	0	0	0	0	0	0	1	0
128	微型法力药水	mp1	misc	mpot		1	1	0	0	0	0	0	0	0	0	0	0	0	0	0	0	0	60	0	0	0	0	0	0	0	1	0
129	轻型法力药水	mp2	misc	mpot		1	1	0	0	0	0	0	0	0	0	0	0	0	0	0	0	0	150	0	0	0	0	0	0	0	1	0
130	法力药水	mp3	misc	mpot		1	1	0	0	0	0	0	0	0	0	0	0	0	0	0	0	0	300	0	0	0	0	0	0	0	1	0
131	强力法力药水	mp4	misc	mpot		1	1	0	0	0	0	0	0	0	0	0	0	0	0	0	0	0	500	0	0	0	0	0	0	0	1	0
132	高级法力药水	mp5	misc	mpot		1	1	0	0	0	0	0	0	0	0	0	0	0	0	0	0	0	1000	0	0	0	0	0	0	0	1	0
133	碎裂的头骨	skc	misc	gemz	gem0	1	1	1	0	0	0	0	0	0	0	0	0	0	0	0	0	0	1000	0	0	0	0	0	0	0	0	0
134	有裂痕的头骨	skf	misc	gemz	gem1	1	1	5	0	0	0	0	0	0	0	0	0	0	0	0	0	0	3000	0	0	0	0	0	0	0	0	0
135	头骨	sku	misc	gemz	gem2	1	1	12	0	0	0	0	0	0	0	0	0	0	0	0	0	0	10000	0	0	0	0	0	0	0	0	0
136	无暇的头骨	skl	misc	gemz	gem3	1	1	15	0	0	0	0	0	0	0	0	0	0	0	0	0	0	30000	0	0	0	0	0	0	0	0	0
137	完美的头骨	skz	misc	gemz	gem4	1	1	18	0	0	0	0	0	0	0	0	0	0	0	0	0	0	100000	0	0	0	0	0	0	0	0	0
