source_file	sheet
affix_c.xlsx	affix_c
affix_c.xlsx	affix_c
class_c.xlsx	class_c
experience_c.xlsx	experience_c
item_c.xlsx	item_c
level_c.xlsx	level_c
missile_c.xlsx	missile_c
monster_c.xlsx	monster_c
monumod_c.xlsx	monumod_c
-	-
skill_c.xlsx	skill_c
start_item_c.xlsx	start_item_c
-	-
treasureclass_c.xlsx	treasureclass_c
class_c.xlsx	class_c
experience_c.xlsx	experience_c
item_c.xlsx	item_c
level_c.xlsx	level_c
missile_c.xlsx	missile_c
monster_c.xlsx	monster_c
monumod_c.xlsx	monumod_c
-	-
skill_c.xlsx	skill_c
start_item_c.xlsx	start_item_c
treasureclass_c.xlsx	treasureclass_c
affix_c.xlsx	affix_c
class_c.xlsx	class_c
experience_c.xlsx	experience_c
item_c.xlsx	item_c
level_c.xlsx	level_c
missile_c.xlsx	missile_c
monster_c.xlsx	monster_c
monumod_c.xlsx	monumod_c
skill_c.xlsx	skill_c
start_item_c.xlsx	start_item_c
treasureclass_c.xlsx	treasureclass_c
