区域	层	素材键	路径	文件	尺寸	不透明像素	唯一色	判决
Town	floor	moor_bridge/020	D2/Tiles/moor_bridge/020	在盘	160x128	6400	2	ok
Town	floor	moor_bridge/021	D2/Tiles/moor_bridge/021	在盘	160x128	6400	2	ok
Town	floor	moor_bridge/022	D2/Tiles/moor_bridge/022	在盘	160x128	6400	2	ok
Town	floor	moor_bridge/023	D2/Tiles/moor_bridge/023	在盘	160x128	6400	2	ok
Town	floor	moor_bridge/024	D2/Tiles/moor_bridge/024	在盘	160x128	6400	2	ok
Town	floor	moor_bridge/025	D2/Tiles/moor_bridge/025	在盘	160x128	6400	2	ok
Town	floor	moor_bridge/026	D2/Tiles/moor_bridge/026	在盘	160x128	6400	2	ok
Town	floor	moor_bridge/027	D2/Tiles/moor_bridge/027	在盘	160x128	6400	2	ok
Town	floor	moor_bridge/028	D2/Tiles/moor_bridge/028	在盘	160x128	6400	2	ok
Town	floor	moor_bridge/029	D2/Tiles/moor_bridge/029	在盘	160x128	6400	2	ok
Town	floor	moor_bridge/030	D2/Tiles/moor_bridge/030	在盘	160x128	6400	2	ok
Town	floor	moor_bridge/031	D2/Tiles/moor_bridge/031	在盘	160x128	6400	2	ok
Town	floor	moor_bridge/032	D2/Tiles/moor_bridge/032	在盘	160x128	6400	2	ok
Town	floor	moor_bridge/033	D2/Tiles/moor_bridge/033	在盘	160x128	6400	2	ok
Town	floor	moor_bridge/034	D2/Tiles/moor_bridge/034	在盘	160x128	6400	2	ok
Town	floor	moor_bridge/035	D2/Tiles/moor_bridge/035	在盘	160x128	6400	2	ok
Town	floor	moor_bridge/036	D2/Tiles/moor_bridge/036	在盘	160x128	6400	2	ok
Town	floor	moor_bridge/037	D2/Tiles/moor_bridge/037	在盘	160x128	6400	2	ok
Town	floor	moor_bridge/038	D2/Tiles/moor_bridge/038	在盘	160x128	6400	2	ok
Town	floor	moor_bridge/039	D2/Tiles/moor_bridge/039	在盘	160x128	6400	2	ok
Town	floor	moor_bridge/040	D2/Tiles/moor_bridge/040	在盘	160x128	6400	2	ok
Town	floor	moor_bridge/041	D2/Tiles/moor_bridge/041	在盘	160x128	6400	2	ok
Town	floor	moor_bridge/042	D2/Tiles/moor_bridge/042	在盘	160x128	6400	2	ok
Town	floor	moor_bridge/043	D2/Tiles/moor_bridge/043	在盘	160x128	6400	2	ok
Town	floor	moor_bridge/044	D2/Tiles/moor_bridge/044	在盘	160x128	6400	2	ok
Town	floor	moor_bridge/045	D2/Tiles/moor_bridge/045	在盘	160x128	6400	2	ok
Town	floor	moor_bridge/046	D2/Tiles/moor_bridge/046	在盘	160x128	6400	2	ok
Town	floor	moor_bridge/047	D2/Tiles/moor_bridge/047	在盘	160x128	6400	2	ok
Town	floor	moor_bridge/048	D2/Tiles/moor_bridge/048	在盘	160x128	6400	2	ok
Town	floor	moor_bridge/049	D2/Tiles/moor_bridge/049	在盘	160x128	6400	2	ok
Town	floor	moor_bridge/050	D2/Tiles/moor_bridge/050	在盘	160x128	6400	2	ok
Town	floor	moor_bridge/051	D2/Tiles/moor_bridge/051	在盘	160x128	6400	2	ok
Town	floor	moor_bridge/052	D2/Tiles/moor_bridge/052	在盘	160x128	6400	2	ok
Town	floor	moor_bridge/053	D2/Tiles/moor_bridge/053	在盘	160x128	6400	2	ok
Town	floor	moor_bridge/054	D2/Tiles/moor_bridge/054	在盘	160x128	6400	2	ok
Town	floor	moor_bridge/055	D2/Tiles/moor_bridge/055	在盘	160x128	6400	2	ok
Town	floor	moor_bridge/056	D2/Tiles/moor_bridge/056	在盘	160x128	6400	2	ok
Town	floor	moor_bridge/057	D2/Tiles/moor_bridge/057	在盘	160x128	6400	2	ok
Town	floor	moor_bridge/058	D2/Tiles/moor_bridge/058	在盘	160x128	6400	2	ok
Town	floor	moor_bridge/059	D2/Tiles/moor_bridge/059	在盘	160x128	6400	2	ok
Town	floor	moor_objects/003	D2/Tiles/moor_objects/003	在盘	160x128	6388	2	ok
Town	floor	moor_objects/004	D2/Tiles/moor_objects/004	在盘	160x128	6399	2	ok
Town	floor	moor_objects/005	D2/Tiles/moor_objects/005	在盘	160x128	6400	2	ok
Town	floor	moor_objects/006	D2/Tiles/moor_objects/006	在盘	160x128	6400	2	ok
Town	floor	moor_objects/007	D2/Tiles/moor_objects/007	在盘	160x128	6399	2	ok
Town	floor	moor_objects/025	D2/Tiles/moor_objects/025	在盘	160x128	6393	2	ok
Town	floor	moor_objects/026	D2/Tiles/moor_objects/026	在盘	160x128	6398	2	ok
Town	floor	moor_objects/027	D2/Tiles/moor_objects/027	在盘	160x128	6399	2	ok
Town	floor	moor_objects/028	D2/Tiles/moor_objects/028	在盘	160x128	6400	2	ok
Town	floor	moor_objects/029	D2/Tiles/moor_objects/029	在盘	160x128	6400	2	ok
Town	floor	moor_objects/030	D2/Tiles/moor_objects/030	在盘	160x128	6397	2	ok
Town	floor	moor_objects/031	D2/Tiles/moor_objects/031	在盘	160x128	6399	2	ok
Town	floor	moor_objects/032	D2/Tiles/moor_objects/032	在盘	160x128	6400	2	ok
Town	floor	moor_objects/033	D2/Tiles/moor_objects/033	在盘	160x128	6400	2	ok
Town	floor	moor_objects/036	D2/Tiles/moor_objects/036	在盘	160x128	6400	2	ok
Town	floor	moor_river/000	D2/Tiles/moor_river/000	在盘	160x128	6400	2	ok
Town	floor	moor_river/001	D2/Tiles/moor_river/001	在盘	160x128	6400	2	ok
Town	floor	moor_river/002	D2/Tiles/moor_river/002	在盘	160x128	6400	2	ok
Town	floor	moor_river/003	D2/Tiles/moor_river/003	在盘	160x128	6400	2	ok
Town	floor	moor_river/004	D2/Tiles/moor_river/004	在盘	160x128	6400	2	ok
Town	floor	moor_river/005	D2/Tiles/moor_river/005	在盘	160x128	6400	2	ok
Town	floor	moor_river/006	D2/Tiles/moor_river/006	在盘	160x128	6400	2	ok
Town	floor	moor_river/007	D2/Tiles/moor_river/007	在盘	160x128	6399	2	ok
Town	floor	moor_river/008	D2/Tiles/moor_river/008	在盘	160x128	6400	2	ok
Town	floor	moor_river/009	D2/Tiles/moor_river/009	在盘	160x128	6400	2	ok
Town	floor	moor_river/010	D2/Tiles/moor_river/010	在盘	160x128	6400	2	ok
Town	floor	moor_river/011	D2/Tiles/moor_river/011	在盘	160x128	6400	2	ok
Town	floor	moor_river/012	D2/Tiles/moor_river/012	在盘	160x128	6400	2	ok
Town	floor	moor_river/013	D2/Tiles/moor_river/013	在盘	160x128	6400	2	ok
Town	floor	moor_river/014	D2/Tiles/moor_river/014	在盘	160x128	6400	2	ok
Town	floor	moor_river/015	D2/Tiles/moor_river/015	在盘	160x128	6400	2	ok
Town	floor	moor_river/016	D2/Tiles/moor_river/016	在盘	160x128	6400	2	ok
Town	floor	moor_river/017	D2/Tiles/moor_river/017	在盘	160x128	6400	2	ok
Town	floor	moor_river/018	D2/Tiles/moor_river/018	在盘	160x128	6400	2	ok
Town	floor	moor_river/019	D2/Tiles/moor_river/019	在盘	160x128	6400	2	ok
Town	floor	moor_river/020	D2/Tiles/moor_river/020	在盘	160x128	6400	2	ok
Town	floor	moor_river/021	D2/Tiles/moor_river/021	在盘	160x128	6399	2	ok
Town	floor	moor_river/022	D2/Tiles/moor_river/022	在盘	160x128	6400	2	ok
Town	floor	moor_river/023	D2/Tiles/moor_river/023	在盘	160x128	6400	2	ok
Town	floor	moor_river/024	D2/Tiles/moor_river/024	在盘	160x128	6400	2	ok
Town	floor	moor_river/025	D2/Tiles/moor_river/025	在盘	160x128	6400	2	ok
Town	floor	moor_river/026	D2/Tiles/moor_river/026	在盘	160x128	6400	2	ok
Town	floor	moor_river/027	D2/Tiles/moor_river/027	在盘	160x128	6400	2	ok
Town	floor	moor_river/029	D2/Tiles/moor_river/029	在盘	160x128	6400	2	ok
Town	floor	moor_river/033	D2/Tiles/moor_river/033	在盘	160x128	6400	2	ok
Town	floor	moor_river/034	D2/Tiles/moor_river/034	在盘	160x128	6400	2	ok
Town	floor	moor_river/035	D2/Tiles/moor_river/035	在盘	160x128	6400	2	ok
Town	floor	moor_river/036	D2/Tiles/moor_river/036	在盘	160x128	6400	2	ok
Town	floor	moor_river/037	D2/Tiles/moor_river/037	在盘	160x128	6400	2	ok
Town	floor	moor_river/038	D2/Tiles/moor_river/038	在盘	160x128	6400	2	ok
Town	floor	moor_river/039	D2/Tiles/moor_river/039	在盘	160x128	6400	2	ok
Town	floor	moor_river/040	D2/Tiles/moor_river/040	在盘	160x128	6400	2	ok
Town	floor	moor_river/041	D2/Tiles/moor_river/041	在盘	160x128	6400	2	ok
Town	floor	moor_river/042	D2/Tiles/moor_river/042	在盘	160x128	6400	2	ok
Town	floor	moor_river/043	D2/Tiles/moor_river/043	在盘	160x128	6400	2	ok
Town	floor	moor_river/044	D2/Tiles/moor_river/044	在盘	160x128	6400	2	ok
Town	floor	town_floor/000	D2/Tiles/town_floor/000	在盘	160x128	6400	2	ok
Town	floor	town_floor/001	D2/Tiles/town_floor/001	在盘	160x128	6400	2	ok
Town	floor	town_floor/002	D2/Tiles/town_floor/002	在盘	160x128	6400	2	ok
Town	floor	town_floor/003	D2/Tiles/town_floor/003	在盘	160x128	6400	2	ok
Town	floor	town_floor/004	D2/Tiles/town_floor/004	在盘	160x128	6400	2	ok
Town	floor	town_floor/016	D2/Tiles/town_floor/016	在盘	160x128	6400	2	ok
Town	floor	town_floor/018	D2/Tiles/town_floor/018	在盘	160x128	6400	2	ok
Town	floor	town_floor/028	D2/Tiles/town_floor/028	在盘	160x128	6400	2	ok
Town	floor	town_floor/035	D2/Tiles/town_floor/035	在盘	160x128	6400	2	ok
Town	floor	town_floor/045	D2/Tiles/town_floor/045	在盘	160x128	6400	2	ok
Town	floor	town_floor/046	D2/Tiles/town_floor/046	在盘	160x128	6400	2	ok
Town	floor	town_floor/050	D2/Tiles/town_floor/050	在盘	160x128	6400	2	ok
Town	floor	town_floor/051	D2/Tiles/town_floor/051	在盘	160x128	6400	2	ok
Town	floor	town_floor/052	D2/Tiles/town_floor/052	在盘	160x128	6400	2	ok
Town	floor	town_floor/053	D2/Tiles/town_floor/053	在盘	160x128	6400	2	ok
Town	floor	town_floor/054	D2/Tiles/town_floor/054	在盘	160x128	6400	2	ok
Town	floor	town_floor/055	D2/Tiles/town_floor/055	在盘	160x128	6400	2	ok
Town	floor	town_floor/060	D2/Tiles/town_floor/060	在盘	160x128	6400	2	ok
Town	floor	town_floor/061	D2/Tiles/town_floor/061	在盘	160x128	6400	2	ok
Town	floor	town_floor/062	D2/Tiles/town_floor/062	在盘	160x128	6400	2	ok
Town	floor	town_floor/063	D2/Tiles/town_floor/063	在盘	160x128	6400	2	ok
Town	floor	town_floor/065	D2/Tiles/town_floor/065	在盘	160x128	6400	2	ok
Town	floor	town_floor/068	D2/Tiles/town_floor/068	在盘	160x128	6400	2	ok
Town	floor	town_floor/069	D2/Tiles/town_floor/069	在盘	160x128	6400	2	ok
Town	floor	town_floor/070	D2/Tiles/town_floor/070	在盘	160x128	6400	2	ok
Town	floor	town_floor/071	D2/Tiles/town_floor/071	在盘	160x128	6400	2	ok
Town	floor	town_floor/072	D2/Tiles/town_floor/072	在盘	160x128	6400	2	ok
Town	floor	town_floor/091	D2/Tiles/town_floor/091	在盘	160x128	6400	2	ok
Town	floor	town_floor/104	D2/Tiles/town_floor/104	在盘	160x128	6400	2	ok
Town	floor	town_floor/108	D2/Tiles/town_floor/108	在盘	160x128	6400	2	ok
Town	floor	town_floor/109	D2/Tiles/town_floor/109	在盘	160x128	6400	2	ok
Town	floor	town_floor/111	D2/Tiles/town_floor/111	在盘	160x128	6400	2	ok
Town	floor	town_floor/119	D2/Tiles/town_floor/119	在盘	160x128	6400	2	ok
Town	floor	town_floor/120	D2/Tiles/town_floor/120	在盘	160x128	6400	2	ok
Town	floor	town_floor/124	D2/Tiles/town_floor/124	在盘	160x128	6400	2	ok
Town	floor	town_floor/127	D2/Tiles/town_floor/127	在盘	160x128	6400	2	ok
Town	floor	town_floor/128	D2/Tiles/town_floor/128	在盘	160x128	6400	2	ok
Town	floor	town_floor/129	D2/Tiles/town_floor/129	在盘	160x128	6400	2	ok
Town	floor	town_floor/130	D2/Tiles/town_floor/130	在盘	160x128	6400	2	ok
Town	floor	town_floor/131	D2/Tiles/town_floor/131	在盘	160x128	6400	2	ok
Town	floor	town_floor/139	D2/Tiles/town_floor/139	在盘	160x128	6400	2	ok
Town	floor	town_objects/059	D2/Tiles/town_objects/059	在盘	160x128	6400	2	ok
Town	floor	town_objects/060	D2/Tiles/town_objects/060	在盘	160x128	6400	2	ok
Town	floor	town_objects/061	D2/Tiles/town_objects/061	在盘	160x128	6400	2	ok
Town	floor	town_objects/062	D2/Tiles/town_objects/062	在盘	160x128	6400	2	ok
Town	floor	town_objects/063	D2/Tiles/town_objects/063	在盘	160x128	6400	2	ok
Town	floor	town_objects/064	D2/Tiles/town_objects/064	在盘	160x128	6400	2	ok
Town	floor	town_objects/065	D2/Tiles/town_objects/065	在盘	160x128	6400	2	ok
Town	floor	town_objects/066	D2/Tiles/town_objects/066	在盘	160x128	6400	2	ok
Town	floor	town_objects/067	D2/Tiles/town_objects/067	在盘	160x128	6400	2	ok
Town	floor	town_objects/070	D2/Tiles/town_objects/070	在盘	160x128	6400	2	ok
Town	floor	town_objects/071	D2/Tiles/town_objects/071	在盘	160x128	6392	2	ok
Town	floor	town_objects/072	D2/Tiles/town_objects/072	在盘	160x128	6400	2	ok
Town	floor	town_objects/073	D2/Tiles/town_objects/073	在盘	160x128	6400	2	ok
Town	floor	town_objects/074	D2/Tiles/town_objects/074	在盘	160x128	6397	2	ok
Town	floor	town_objects/075	D2/Tiles/town_objects/075	在盘	160x128	6395	2	ok
Town	floor	town_objects/076	D2/Tiles/town_objects/076	在盘	160x128	6399	2	ok
Town	floor	town_objects/077	D2/Tiles/town_objects/077	在盘	160x128	6399	2	ok
Town	floor	town_objects/078	D2/Tiles/town_objects/078	在盘	160x128	6400	2	ok
Town	floor	town_objects/079	D2/Tiles/town_objects/079	在盘	160x128	6397	2	ok
Town	object	moor_bridge/000	D2/Objects/moor_bridge/000	在盘	128x160	2916	2	ok
Town	object	moor_bridge/001	D2/Objects/moor_bridge/001	在盘	160x192	8500	2	ok
Town	object	moor_bridge/002	D2/Objects/moor_bridge/002	在盘	160x192	10274	2	ok
Town	object	moor_bridge/003	D2/Objects/moor_bridge/003	在盘	160x192	10177	2	ok
Town	object	moor_bridge/004	D2/Objects/moor_bridge/004	在盘	128x160	2619	2	ok
Town	object	moor_bridge/005	D2/Objects/moor_bridge/005	在盘	160x192	5127	2	ok
Town	object	moor_bridge/006	D2/Objects/moor_bridge/006	在盘	160x192	5116	2	ok
Town	object	moor_bridge/007	D2/Objects/moor_bridge/007	在盘	160x192	5093	2	ok
Town	object	moor_bridge/008	D2/Objects/moor_bridge/008	在盘	160x192	5030	2	ok
Town	object	moor_bridge/009	D2/Objects/moor_bridge/009	在盘	160x192	10186	2	ok
Town	object	moor_bridge/010	D2/Objects/moor_bridge/010	在盘	160x224	10335	2	ok
Town	object	moor_bridge/011	D2/Objects/moor_bridge/011	在盘	160x192	10262	2	ok
Town	object	moor_bridge/012	D2/Objects/moor_bridge/012	在盘	160x192	9593	2	ok
Town	object	moor_bridge/013	D2/Objects/moor_bridge/013	在盘	160x192	9102	2	ok
Town	object	moor_bridge/014	D2/Objects/moor_bridge/014	在盘	160x160	4743	2	ok
Town	object	moor_bridge/015	D2/Objects/moor_bridge/015	在盘	160x192	5049	2	ok
Town	object	moor_bridge/016	D2/Objects/moor_bridge/016	在盘	160x192	5060	2	ok
Town	object	moor_bridge/017	D2/Objects/moor_bridge/017	在盘	160x192	5031	2	ok
Town	object	moor_bridge/018	D2/Objects/moor_bridge/018	在盘	160x192	4508	2	ok
Town	object	moor_bridge/019	D2/Objects/moor_bridge/019	在盘	160x160	3888	2	ok
Town	object	moor_objects/039	D2/Objects/moor_objects/039	在盘	160x160	10345	2	ok
Town	object	moor_river/028	D2/Objects/moor_river/028	在盘	160x128	6400	1	FLAT(已处置:白名单)
Town	object	moor_stonewall/029	D2/Objects/moor_stonewall/029	在盘	128x160	6196	2	ok
Town	object	moor_stonewall/031	D2/Objects/moor_stonewall/031	在盘	160x160	6428	2	ok
Town	object	moor_stonewall/038	D2/Objects/moor_stonewall/038	在盘	128x160	2072	2	ok
Town	object	moor_stonewall/041	D2/Objects/moor_stonewall/041	在盘	128x160	2456	2	ok
Town	object	moor_stonewall/044	D2/Objects/moor_stonewall/044	在盘	160x160	5290	2	ok
Town	object	moor_stonewall/046	D2/Objects/moor_stonewall/046	在盘	96x128	2494	2	ok
Town	object	moor_stonewall/047	D2/Objects/moor_stonewall/047	在盘	160x160	4608	2	ok
Town	object	moor_stonewall/048	D2/Objects/moor_stonewall/048	在盘	128x160	4088	2	ok
Town	object	moor_stonewall/049	D2/Objects/moor_stonewall/049	在盘	160x160	4582	2	ok
Town	object	moor_stonewall/050	D2/Objects/moor_stonewall/050	在盘	160x160	7024	2	ok
Town	object	moor_stonewall/051	D2/Objects/moor_stonewall/051	在盘	128x160	7269	2	ok
Town	object	moor_trees/000	D2/Objects/moor_trees/000	在盘	96x352	9140	2	ok
Town	object	moor_trees/001	D2/Objects/moor_trees/001	在盘	160x384	28987	2	ok
Town	object	moor_trees/002	D2/Objects/moor_trees/002	在盘	160x320	6586	2	ok
Town	object	moor_trees/003	D2/Objects/moor_trees/003	在盘	96x352	9525	2	ok
Town	object	moor_trees/004	D2/Objects/moor_trees/004	在盘	160x352	31822	2	ok
Town	object	moor_trees/005	D2/Objects/moor_trees/005	在盘	160x320	7678	2	ok
Town	object	moor_trees/006	D2/Objects/moor_trees/006	在盘	96x384	6475	2	ok
Town	object	moor_trees/007	D2/Objects/moor_trees/007	在盘	160x480	40247	2	ok
Town	object	moor_trees/008	D2/Objects/moor_trees/008	在盘	160x448	8457	2	ok
Town	object	moor_trees/009	D2/Objects/moor_trees/009	在盘	160x384	6502	2	ok
Town	object	moor_trees/010	D2/Objects/moor_trees/010	在盘	160x384	33971	2	ok
Town	object	moor_trees/011	D2/Objects/moor_trees/011	在盘	96x384	7675	2	ok
Town	object	moor_trees/012	D2/Objects/moor_trees/012	在盘	96x384	8879	2	ok
Town	object	moor_trees/013	D2/Objects/moor_trees/013	在盘	160x416	41181	2	ok
Town	object	moor_trees/014	D2/Objects/moor_trees/014	在盘	160x384	15223	2	ok
Town	object	moor_trees/015	D2/Objects/moor_trees/015	在盘	64x352	5569	2	ok
Town	object	moor_trees/016	D2/Objects/moor_trees/016	在盘	160x416	34401	2	ok
Town	object	moor_trees/017	D2/Objects/moor_trees/017	在盘	160x384	9752	2	ok
Town	object	moor_trees/018	D2/Objects/moor_trees/018	在盘	96x416	8040	2	ok
Town	object	moor_trees/019	D2/Objects/moor_trees/019	在盘	160x448	38236	2	ok
Town	object	moor_trees/020	D2/Objects/moor_trees/020	在盘	160x448	7288	2	ok
Town	object	town_fence/000	D2/Objects/town_fence/000	在盘	128x256	9049	2	ok
Town	object	town_fence/001	D2/Objects/town_fence/001	在盘	128x256	11512	2	ok
Town	object	town_fence/002	D2/Objects/town_fence/002	在盘	128x288	11179	2	ok
Town	object	town_fence/003	D2/Objects/town_fence/003	在盘	160x256	10626	2	ok
Town	object	town_fence/004	D2/Objects/town_fence/004	在盘	160x288	13618	2	ok
Town	object	town_fence/005	D2/Objects/town_fence/005	在盘	160x288	12580	2	ok
Town	object	town_fence/006	D2/Objects/town_fence/006	在盘	160x288	11395	2	ok
Town	object	town_fence/008	D2/Objects/town_fence/008	在盘	160x288	13821	2	ok
Town	object	town_fence/009	D2/Objects/town_fence/009	在盘	128x256	8795	2	ok
Town	object	town_fence/010	D2/Objects/town_fence/010	在盘	128x256	11444	2	ok
Town	object	town_fence/011	D2/Objects/town_fence/011	在盘	128x288	13537	2	ok
Town	object	town_fence/012	D2/Objects/town_fence/012	在盘	160x256	9994	2	ok
Town	object	town_fence/013	D2/Objects/town_fence/013	在盘	160x288	12518	2	ok
Town	object	town_fence/015	D2/Objects/town_fence/015	在盘	128x288	8854	2	ok
Town	object	town_fence/016	D2/Objects/town_fence/016	在盘	128x256	11321	2	ok
Town	object	town_fence/017	D2/Objects/town_fence/017	在盘	128x288	13638	2	ok
Town	object	town_fence/018	D2/Objects/town_fence/018	在盘	160x256	8846	2	ok
Town	object	town_fence/019	D2/Objects/town_fence/019	在盘	160x288	10886	2	ok
Town	object	town_fence/020	D2/Objects/town_fence/020	在盘	160x288	12333	2	ok
Town	object	town_fence/021	D2/Objects/town_fence/021	在盘	128x256	8224	2	ok
Town	object	town_fence/022	D2/Objects/town_fence/022	在盘	128x256	10788	2	ok
Town	object	town_fence/023	D2/Objects/town_fence/023	在盘	128x288	12969	2	ok
Town	object	town_fence/024	D2/Objects/town_fence/024	在盘	160x256	9259	2	ok
Town	object	town_fence/025	D2/Objects/town_fence/025	在盘	160x288	12010	2	ok
Town	object	town_fence/026	D2/Objects/town_fence/026	在盘	160x288	12478	2	ok
Town	object	town_fence/029	D2/Objects/town_fence/029	在盘	160x256	9148	2	ok
Town	object	town_fence/030	D2/Objects/town_fence/030	在盘	160x256	9039	2	ok
Town	object	town_objects/000	D2/Objects/town_objects/000	在盘	160x160	3848	2	ok
Town	object	town_objects/001	D2/Objects/town_objects/001	在盘	160x192	9664	2	ok
Town	object	town_objects/002	D2/Objects/town_objects/002	在盘	160x160	5869	2	ok
Town	object	town_objects/003	D2/Objects/town_objects/003	在盘	128x160	926	2	ok
Town	object	town_objects/004	D2/Objects/town_objects/004	在盘	160x256	9684	2	ok
Town	object	town_objects/005	D2/Objects/town_objects/005	在盘	160x224	11898	2	ok
Town	object	town_objects/006	D2/Objects/town_objects/006	在盘	160x192	6047	2	ok
Town	object	town_objects/008	D2/Objects/town_objects/008	在盘	128x224	8428	2	ok
Town	object	town_objects/009	D2/Objects/town_objects/009	在盘	96x288	11302	2	ok
Town	object	town_objects/010	D2/Objects/town_objects/010	在盘	96x288	12814	2	ok
Town	object	town_objects/011	D2/Objects/town_objects/011	在盘	96x256	11909	2	ok
Town	object	town_objects/012	D2/Objects/town_objects/012	在盘	96x192	3112	2	ok
Town	object	town_objects/013	D2/Objects/town_objects/013	在盘	160x160	7570	2	ok
Town	object	town_objects/015	D2/Objects/town_objects/015	在盘	160x224	6951	2	ok
Town	object	town_objects/017	D2/Objects/town_objects/017	在盘	160x256	13267	2	ok
Town	object	town_objects/018	D2/Objects/town_objects/018	在盘	128x128	3558	2	ok
Town	object	town_objects/019	D2/Objects/town_objects/019	在盘	160x192	5855	2	ok
Town	object	town_objects/021	D2/Objects/town_objects/021	在盘	128x128	790	2	ok
Town	object	town_objects/022	D2/Objects/town_objects/022	在盘	160x192	2527	2	ok
Town	object	town_objects/023	D2/Objects/town_objects/023	在盘	160x224	9184	2	ok
Town	object	town_objects/024	D2/Objects/town_objects/024	在盘	160x224	8200	2	ok
Town	object	town_objects/025	D2/Objects/town_objects/025	在盘	160x192	8058	2	ok
Town	object	town_objects/026	D2/Objects/town_objects/026	在盘	128x192	8343	2	ok
Town	object	town_objects/027	D2/Objects/town_objects/027	在盘	160x160	8495	2	ok
Town	object	town_objects/028	D2/Objects/town_objects/028	在盘	128x160	4461	2	ok
Town	object	town_objects/035	D2/Objects/town_objects/035	在盘	160x128	6385	2	ok
Town	object	town_objects/036	D2/Objects/town_objects/036	在盘	160x128	6400	2	ok
Town	object	town_objects/037	D2/Objects/town_objects/037	在盘	160x128	6400	2	ok
Town	object	town_objects/038	D2/Objects/town_objects/038	在盘	160x128	4081	2	ok
Town	object	town_objects/039	D2/Objects/town_objects/039	在盘	160x128	637	2	ok
Town	object	town_objects/040	D2/Objects/town_objects/040	在盘	160x128	5274	2	ok
Town	object	town_objects/041	D2/Objects/town_objects/041	在盘	160x128	5779	2	ok
Town	object	town_objects/042	D2/Objects/town_objects/042	在盘	160x128	4528	2	ok
Town	object	town_objects/043	D2/Objects/town_objects/043	在盘	160x128	2141	2	ok
Town	object	town_objects/044	D2/Objects/town_objects/044	在盘	128x128	811	2	ok
Town	object	town_objects/045	D2/Objects/town_objects/045	在盘	160x192	7202	2	ok
Town	object	town_objects/046	D2/Objects/town_objects/046	在盘	160x192	8129	2	ok
Town	object	town_objects/047	D2/Objects/town_objects/047	在盘	128x192	8064	2	ok
Town	object	town_objects/048	D2/Objects/town_objects/048	在盘	128x192	6266	2	ok
Town	object	town_objects/049	D2/Objects/town_objects/049	在盘	160x128	6400	2	ok
Town	object	town_objects/050	D2/Objects/town_objects/050	在盘	160x128	4425	2	ok
Town	object	town_objects/051	D2/Objects/town_objects/051	在盘	160x128	5150	2	ok
Town	object	town_objects/052	D2/Objects/town_objects/052	在盘	160x128	3566	2	ok
Town	object	town_objects/053	D2/Objects/town_objects/053	在盘	160x128	1283	2	ok
Town	object	town_objects/054	D2/Objects/town_objects/054	在盘	128x128	2171	2	ok
Town	object	town_objects/055	D2/Objects/town_objects/055	在盘	160x192	4741	2	ok
Town	object	town_objects/056	D2/Objects/town_objects/056	在盘	160x288	4852	2	ok
Town	object	town_objects/057	D2/Objects/town_objects/057	在盘	160x288	13189	2	ok
Town	object	town_objects/058	D2/Objects/town_objects/058	在盘	160x256	13315	2	ok
Town	object	town_objects/068	D2/Objects/town_objects/068	在盘	128x96	2499	2	ok
Town	object	town_objects/069	D2/Objects/town_objects/069	在盘	160x128	3592	2	ok
Town	object	town_objects/080	D2/Objects/town_objects/080	在盘	96x128	1198	2	ok
Town	object	town_objects/085	D2/Objects/town_objects/085	在盘	160x160	4867	2	ok
Town	object	town_objects/086	D2/Objects/town_objects/086	在盘	160x96	2737	2	ok
Town	object	town_objects/087	D2/Objects/town_objects/087	在盘	96x128	1472	2	ok
Town	object	town_objects/088	D2/Objects/town_objects/088	在盘	96x128	2777	2	ok
Town	object	town_objects/089	D2/Objects/town_objects/089	在盘	160x224	10079	2	ok
Town	object	town_objects/090	D2/Objects/town_objects/090	在盘	96x224	6284	2	ok
BloodMoor	floor	moor_bridge/033	D2/Tiles/moor_bridge/033	在盘	160x128	6400	2	ok
BloodMoor	floor	moor_bridge/035	D2/Tiles/moor_bridge/035	在盘	160x128	6400	2	ok
BloodMoor	floor	moor_stones/000	D2/Tiles/moor_stones/000	在盘	160x128	6400	2	ok
BloodMoor	floor	moor_stones/012	D2/Tiles/moor_stones/012	在盘	160x128	6400	2	ok
BloodMoor	floor	moor_stones/022	D2/Tiles/moor_stones/022	在盘	160x128	6400	2	ok
BloodMoor	floor	town_floor/006	D2/Tiles/town_floor/006	在盘	160x128	6400	2	ok
BloodMoor	floor	town_floor/007	D2/Tiles/town_floor/007	在盘	160x128	6400	2	ok
BloodMoor	floor	town_floor/027	D2/Tiles/town_floor/027	在盘	160x128	6400	2	ok
BloodMoor	floor	town_floor/028	D2/Tiles/town_floor/028	在盘	160x128	6400	2	ok
BloodMoor	floor	town_floor/035	D2/Tiles/town_floor/035	在盘	160x128	6400	2	ok
BloodMoor	floor	town_floor/051	D2/Tiles/town_floor/051	在盘	160x128	6400	2	ok
BloodMoor	floor	town_floor/052	D2/Tiles/town_floor/052	在盘	160x128	6400	2	ok
BloodMoor	floor	town_floor/053	D2/Tiles/town_floor/053	在盘	160x128	6400	2	ok
BloodMoor	floor	town_floor/054	D2/Tiles/town_floor/054	在盘	160x128	6400	2	ok
BloodMoor	floor	town_floor/060	D2/Tiles/town_floor/060	在盘	160x128	6400	2	ok
BloodMoor	floor	town_floor/062	D2/Tiles/town_floor/062	在盘	160x128	6400	2	ok
BloodMoor	floor	town_floor/063	D2/Tiles/town_floor/063	在盘	160x128	6400	2	ok
BloodMoor	floor	town_floor/069	D2/Tiles/town_floor/069	在盘	160x128	6400	2	ok
BloodMoor	floor	town_floor/072	D2/Tiles/town_floor/072	在盘	160x128	6400	2	ok
BloodMoor	floor	town_floor/093	D2/Tiles/town_floor/093	在盘	160x128	6400	2	ok
BloodMoor	floor	town_floor/130	D2/Tiles/town_floor/130	在盘	160x128	6400	2	ok
BloodMoor	object	moor_bridge/000	D2/Objects/moor_bridge/000	在盘	128x160	2916	2	ok
BloodMoor	object	moor_bridge/004	D2/Objects/moor_bridge/004	在盘	128x160	2619	2	ok
BloodMoor	object	moor_cliff1/002	D2/Objects/moor_cliff1/002	在盘	160x480	29194	2	ok
BloodMoor	object	moor_cliff1/003	D2/Objects/moor_cliff1/003	在盘	160x448	32179	2	ok
BloodMoor	object	moor_cliff1/004	D2/Objects/moor_cliff1/004	在盘	160x480	32796	2	ok
BloodMoor	object	moor_cliff1/005	D2/Objects/moor_cliff1/005	在盘	96x480	29285	2	ok
BloodMoor	object	moor_cliff1/006	D2/Objects/moor_cliff1/006	在盘	160x480	31032	2	ok
BloodMoor	object	moor_cliff1/007	D2/Objects/moor_cliff1/007	在盘	128x448	31377	2	ok
BloodMoor	object	moor_cliff1/008	D2/Objects/moor_cliff1/008	在盘	128x416	27218	2	ok
BloodMoor	object	moor_cliff1/009	D2/Objects/moor_cliff1/009	在盘	96x480	28901	2	ok
BloodMoor	object	moor_cliff1/010	D2/Objects/moor_cliff1/010	在盘	160x480	31266	2	ok
BloodMoor	object	moor_cliff1/011	D2/Objects/moor_cliff1/011	在盘	160x448	32179	2	ok
BloodMoor	object	moor_cliff1/012	D2/Objects/moor_cliff1/012	在盘	128x416	28796	2	ok
BloodMoor	object	moor_cliff2/002	D2/Objects/moor_cliff2/002	在盘	160x416	29473	2	ok
BloodMoor	object	moor_cliff2/003	D2/Objects/moor_cliff2/003	在盘	160x448	30383	2	ok
BloodMoor	object	moor_cliff2/004	D2/Objects/moor_cliff2/004	在盘	160x448	30627	2	ok
BloodMoor	object	moor_cliff2/005	D2/Objects/moor_cliff2/005	在盘	160x448	28938	2	ok
BloodMoor	object	moor_cliff2/006	D2/Objects/moor_cliff2/006	在盘	160x448	28056	2	ok
BloodMoor	object	moor_cliff2/007	D2/Objects/moor_cliff2/007	在盘	160x448	28968	2	ok
BloodMoor	object	moor_cliff2/008	D2/Objects/moor_cliff2/008	在盘	160x416	27620	2	ok
BloodMoor	object	moor_cliff2/009	D2/Objects/moor_cliff2/009	在盘	160x448	29035	2	ok
BloodMoor	object	moor_cliff2/010	D2/Objects/moor_cliff2/010	在盘	160x448	30381	2	ok
BloodMoor	object	moor_cliff2/011	D2/Objects/moor_cliff2/011	在盘	160x448	30623	2	ok
BloodMoor	object	moor_cliff2/012	D2/Objects/moor_cliff2/012	在盘	160x416	29468	2	ok
BloodMoor	object	moor_corner/000	D2/Objects/moor_corner/000	在盘	160x416	27952	2	ok
BloodMoor	object	moor_corner/002	D2/Objects/moor_corner/002	在盘	160x544	59294	2	ok
BloodMoor	object	moor_fence/000	D2/Objects/moor_fence/000	在盘	96x192	988	2	ok
BloodMoor	object	moor_fence/001	D2/Objects/moor_fence/001	在盘	160x192	5894	2	ok
BloodMoor	object	moor_fence/002	D2/Objects/moor_fence/002	在盘	96x192	1066	2	ok
BloodMoor	object	moor_fence/003	D2/Objects/moor_fence/003	在盘	96x160	4535	2	ok
BloodMoor	object	moor_fence/004	D2/Objects/moor_fence/004	在盘	160x192	5979	2	ok
BloodMoor	object	moor_fence/006	D2/Objects/moor_fence/006	在盘	96x192	1337	2	ok
BloodMoor	object	moor_fence/007	D2/Objects/moor_fence/007	在盘	160x160	6269	2	ok
BloodMoor	object	moor_fence/008	D2/Objects/moor_fence/008	在盘	160x192	5360	2	ok
BloodMoor	object	moor_fence/009	D2/Objects/moor_fence/009	在盘	160x192	6352	2	ok
BloodMoor	object	moor_fence/010	D2/Objects/moor_fence/010	在盘	160x192	6662	2	ok
BloodMoor	object	moor_fence/011	D2/Objects/moor_fence/011	在盘	160x192	5870	2	ok
BloodMoor	object	moor_fence/012	D2/Objects/moor_fence/012	在盘	160x192	6118	2	ok
BloodMoor	object	moor_fence/013	D2/Objects/moor_fence/013	在盘	160x160	6118	2	ok
BloodMoor	object	moor_fence/014	D2/Objects/moor_fence/014	在盘	160x192	6570	2	ok
BloodMoor	object	moor_fence/015	D2/Objects/moor_fence/015	在盘	128x160	5313	2	ok
BloodMoor	object	moor_fence/016	D2/Objects/moor_fence/016	在盘	96x192	5713	2	ok
BloodMoor	object	moor_fence/017	D2/Objects/moor_fence/017	在盘	96x192	6228	2	ok
BloodMoor	object	moor_fence/018	D2/Objects/moor_fence/018	在盘	96x192	5840	2	ok
BloodMoor	object	moor_fence/019	D2/Objects/moor_fence/019	在盘	96x160	4534	2	ok
BloodMoor	object	moor_fence/020	D2/Objects/moor_fence/020	在盘	96x192	4133	2	ok
BloodMoor	object	moor_fence/021	D2/Objects/moor_fence/021	在盘	128x160	5536	2	ok
BloodMoor	object	moor_fence/022	D2/Objects/moor_fence/022	在盘	96x192	6414	2	ok
BloodMoor	object	moor_objects/037	D2/Objects/moor_objects/037	在盘	160x192	8763	2	ok
BloodMoor	object	moor_objects/038	D2/Objects/moor_objects/038	在盘	160x192	12501	2	ok
BloodMoor	object	moor_objects/039	D2/Objects/moor_objects/039	在盘	160x160	10345	2	ok
BloodMoor	object	moor_objects/040	D2/Objects/moor_objects/040	在盘	160x192	14112	2	ok
BloodMoor	object	moor_objects/041	D2/Objects/moor_objects/041	在盘	160x224	7918	2	ok
BloodMoor	object	moor_stones/024	D2/Objects/moor_stones/024	在盘	160x192	7826	2	ok
BloodMoor	object	moor_stones/025	D2/Objects/moor_stones/025	在盘	160x192	12268	2	ok
BloodMoor	object	moor_stones/026	D2/Objects/moor_stones/026	在盘	160x256	8463	2	ok
BloodMoor	object	moor_stones/027	D2/Objects/moor_stones/027	在盘	160x224	13491	2	ok
BloodMoor	object	moor_stones/028	D2/Objects/moor_stones/028	在盘	160x160	8520	2	ok
BloodMoor	object	moor_stonewall/000	D2/Objects/moor_stonewall/000	在盘	160x224	8310	2	ok
BloodMoor	object	moor_stonewall/001	D2/Objects/moor_stonewall/001	在盘	128x192	8207	2	ok
BloodMoor	object	moor_stonewall/002	D2/Objects/moor_stonewall/002	在盘	160x192	8021	2	ok
BloodMoor	object	moor_stonewall/003	D2/Objects/moor_stonewall/003	在盘	160x160	8108	2	ok
BloodMoor	object	moor_stonewall/005	D2/Objects/moor_stonewall/005	在盘	160x160	7949	2	ok
BloodMoor	object	moor_stonewall/007	D2/Objects/moor_stonewall/007	在盘	128x160	7885	2	ok
BloodMoor	object	moor_stonewall/008	D2/Objects/moor_stonewall/008	在盘	160x224	9239	2	ok
BloodMoor	object	moor_stonewall/009	D2/Objects/moor_stonewall/009	在盘	128x160	8207	2	ok
BloodMoor	object	moor_stonewall/010	D2/Objects/moor_stonewall/010	在盘	160x192	8775	2	ok
BloodMoor	object	moor_stonewall/011	D2/Objects/moor_stonewall/011	在盘	160x160	7915	2	ok
BloodMoor	object	moor_stonewall/012	D2/Objects/moor_stonewall/012	在盘	160x160	5284	2	ok
BloodMoor	object	moor_stonewall/014	D2/Objects/moor_stonewall/014	在盘	160x224	9425	2	ok
BloodMoor	object	moor_stonewall/015	D2/Objects/moor_stonewall/015	在盘	160x160	8777	2	ok
BloodMoor	object	moor_stonewall/016	D2/Objects/moor_stonewall/016	在盘	160x192	8734	2	ok
BloodMoor	object	moor_stonewall/017	D2/Objects/moor_stonewall/017	在盘	128x160	8144	2	ok
BloodMoor	object	moor_stonewall/018	D2/Objects/moor_stonewall/018	在盘	160x160	7199	2	ok
BloodMoor	object	moor_stonewall/019	D2/Objects/moor_stonewall/019	在盘	128x160	6443	2	ok
BloodMoor	object	moor_stonewall/022	D2/Objects/moor_stonewall/022	在盘	160x192	6353	2	ok
BloodMoor	object	moor_stonewall/029	D2/Objects/moor_stonewall/029	在盘	128x160	6196	2	ok
BloodMoor	object	moor_stonewall/031	D2/Objects/moor_stonewall/031	在盘	160x160	6428	2	ok
BloodMoor	object	moor_stonewall/032	D2/Objects/moor_stonewall/032	在盘	160x160	5284	2	ok
BloodMoor	object	moor_stonewall/038	D2/Objects/moor_stonewall/038	在盘	128x160	2072	2	ok
BloodMoor	object	moor_stonewall/041	D2/Objects/moor_stonewall/041	在盘	128x160	2456	2	ok
BloodMoor	object	moor_stonewall/044	D2/Objects/moor_stonewall/044	在盘	160x160	5290	2	ok
BloodMoor	object	moor_stonewall/046	D2/Objects/moor_stonewall/046	在盘	96x128	2494	2	ok
BloodMoor	object	moor_stonewall/047	D2/Objects/moor_stonewall/047	在盘	160x160	4608	2	ok
BloodMoor	object	moor_stonewall/048	D2/Objects/moor_stonewall/048	在盘	128x160	4088	2	ok
BloodMoor	object	moor_stonewall/049	D2/Objects/moor_stonewall/049	在盘	160x160	4582	2	ok
BloodMoor	object	moor_stonewall/050	D2/Objects/moor_stonewall/050	在盘	160x160	7024	2	ok
BloodMoor	object	moor_stonewall/051	D2/Objects/moor_stonewall/051	在盘	128x160	7269	2	ok
BloodMoor	object	moor_trees/000	D2/Objects/moor_trees/000	在盘	96x352	9140	2	ok
BloodMoor	object	moor_trees/001	D2/Objects/moor_trees/001	在盘	160x384	28987	2	ok
BloodMoor	object	moor_trees/002	D2/Objects/moor_trees/002	在盘	160x320	6586	2	ok
BloodMoor	object	moor_trees/003	D2/Objects/moor_trees/003	在盘	96x352	9525	2	ok
BloodMoor	object	moor_trees/004	D2/Objects/moor_trees/004	在盘	160x352	31822	2	ok
BloodMoor	object	moor_trees/005	D2/Objects/moor_trees/005	在盘	160x320	7678	2	ok
BloodMoor	object	moor_trees/006	D2/Objects/moor_trees/006	在盘	96x384	6475	2	ok
BloodMoor	object	moor_trees/007	D2/Objects/moor_trees/007	在盘	160x480	40247	2	ok
BloodMoor	object	moor_trees/008	D2/Objects/moor_trees/008	在盘	160x448	8457	2	ok
BloodMoor	object	moor_trees/009	D2/Objects/moor_trees/009	在盘	160x384	6502	2	ok
BloodMoor	object	moor_trees/010	D2/Objects/moor_trees/010	在盘	160x384	33971	2	ok
BloodMoor	object	moor_trees/011	D2/Objects/moor_trees/011	在盘	96x384	7675	2	ok
BloodMoor	object	moor_trees/012	D2/Objects/moor_trees/012	在盘	96x384	8879	2	ok
BloodMoor	object	moor_trees/013	D2/Objects/moor_trees/013	在盘	160x416	41181	2	ok
BloodMoor	object	moor_trees/014	D2/Objects/moor_trees/014	在盘	160x384	15223	2	ok
BloodMoor	object	moor_trees/015	D2/Objects/moor_trees/015	在盘	64x352	5569	2	ok
BloodMoor	object	moor_trees/016	D2/Objects/moor_trees/016	在盘	160x416	34401	2	ok
BloodMoor	object	moor_trees/017	D2/Objects/moor_trees/017	在盘	160x384	9752	2	ok
BloodMoor	object	moor_trees/018	D2/Objects/moor_trees/018	在盘	96x416	8040	2	ok
BloodMoor	object	moor_trees/019	D2/Objects/moor_trees/019	在盘	160x448	38236	2	ok
BloodMoor	object	moor_trees/020	D2/Objects/moor_trees/020	在盘	160x448	7288	2	ok
BloodMoor	object	town_trees/000	D2/Objects/town_trees/000	在盘	64x288	2042	2	ok
BloodMoor	object	town_trees/001	D2/Objects/town_trees/001	在盘	160x320	8981	2	ok
BloodMoor	object	town_trees/009	D2/Objects/town_trees/009	在盘	64x320	3276	2	ok
BloodMoor	object	town_trees/010	D2/Objects/town_trees/010	在盘	160x320	10149	2	ok
BloodMoor	object	town_trees/018	D2/Objects/town_trees/018	在盘	96x288	5078	2	ok
BloodMoor	object	town_trees/019	D2/Objects/town_trees/019	在盘	160x288	11338	2	ok
BloodMoor	object	town_trees/027	D2/Objects/town_trees/027	在盘	96x320	4557	2	ok
BloodMoor	object	town_trees/028	D2/Objects/town_trees/028	在盘	160x320	10196	2	ok
BloodMoor	object	town_trees/036	D2/Objects/town_trees/036	在盘	96x256	5276	2	ok
BloodMoor	object	town_trees/037	D2/Objects/town_trees/037	在盘	160x256	9708	2	ok
BloodMoor	object	town_trees/045	D2/Objects/town_trees/045	在盘	96x256	5135	2	ok
BloodMoor	object	town_trees/046	D2/Objects/town_trees/046	在盘	160x256	10014	2	ok
BloodMoor	object	town_trees/054	D2/Objects/town_trees/054	在盘	96x256	4960	2	ok
BloodMoor	object	town_trees/055	D2/Objects/town_trees/055	在盘	160x288	8743	2	ok
BloodMoor	object	town_trees/063	D2/Objects/town_trees/063	在盘	96x256	4728	2	ok
BloodMoor	object	town_trees/064	D2/Objects/town_trees/064	在盘	160x288	11919	2	ok
BloodMoor	object	town_trees/072	D2/Objects/town_trees/072	在盘	64x288	3743	2	ok
BloodMoor	object	town_trees/073	D2/Objects/town_trees/073	在盘	160x352	11743	2	ok
BloodMoor	object	town_trees/081	D2/Objects/town_trees/081	在盘	96x288	4616	2	ok
BloodMoor	object	town_trees/082	D2/Objects/town_trees/082	在盘	160x320	8649	2	ok
BloodMoor	object	town_trees/090	D2/Objects/town_trees/090	在盘	96x288	4107	2	ok
BloodMoor	object	town_trees/091	D2/Objects/town_trees/091	在盘	160x288	10009	2	ok
BloodMoor	object	town_trees/099	D2/Objects/town_trees/099	在盘	64x288	1946	2	ok
BloodMoor	object	town_trees/100	D2/Objects/town_trees/100	在盘	160x320	11960	2	ok
BloodMoor	object	town_trees/108	D2/Objects/town_trees/108	在盘	96x288	2947	2	ok
BloodMoor	object	town_trees/109	D2/Objects/town_trees/109	在盘	160x320	10631	2	ok
DenOfEvil	floor	cave/018	D2/Tiles/cave/018	在盘	160x128	6400	2	ok
DenOfEvil	floor	cave/019	D2/Tiles/cave/019	在盘	160x128	6400	2	ok
DenOfEvil	floor	cave/020	D2/Tiles/cave/020	在盘	160x128	6400	2	ok
DenOfEvil	floor	cave/021	D2/Tiles/cave/021	在盘	160x128	6400	2	ok
DenOfEvil	floor	cave/022	D2/Tiles/cave/022	在盘	160x128	6400	2	ok
DenOfEvil	floor	cave/023	D2/Tiles/cave/023	在盘	160x128	6400	2	ok
DenOfEvil	floor	cave/024	D2/Tiles/cave/024	在盘	160x128	6400	2	ok
DenOfEvil	floor	cave/025	D2/Tiles/cave/025	在盘	160x128	6400	2	ok
DenOfEvil	floor	cave/026	D2/Tiles/cave/026	在盘	160x128	6400	2	ok
DenOfEvil	floor	cave/027	D2/Tiles/cave/027	在盘	160x128	6400	2	ok
DenOfEvil	floor	cave/028	D2/Tiles/cave/028	在盘	160x128	6400	2	ok
DenOfEvil	floor	cave/029	D2/Tiles/cave/029	在盘	160x128	6400	2	ok
DenOfEvil	floor	cave/030	D2/Tiles/cave/030	在盘	160x128	6400	2	ok
DenOfEvil	floor	cave/031	D2/Tiles/cave/031	在盘	160x128	6400	2	ok
DenOfEvil	floor	cave/032	D2/Tiles/cave/032	在盘	160x128	6400	2	ok
DenOfEvil	floor	cave/033	D2/Tiles/cave/033	在盘	160x128	6400	2	ok
DenOfEvil	floor	cave/034	D2/Tiles/cave/034	在盘	160x128	6400	2	ok
DenOfEvil	floor	cave/035	D2/Tiles/cave/035	在盘	160x128	6400	2	ok
DenOfEvil	floor	cave/036	D2/Tiles/cave/036	在盘	160x128	6400	2	ok
DenOfEvil	floor	cave/037	D2/Tiles/cave/037	在盘	160x128	6400	2	ok
DenOfEvil	floor	cave/038	D2/Tiles/cave/038	在盘	160x128	6400	2	ok
DenOfEvil	floor	cave/039	D2/Tiles/cave/039	在盘	160x128	6400	2	ok
DenOfEvil	floor	cave/040	D2/Tiles/cave/040	在盘	160x128	6400	2	ok
DenOfEvil	floor	cave/041	D2/Tiles/cave/041	在盘	160x128	6400	2	ok
DenOfEvil	floor	cave/042	D2/Tiles/cave/042	在盘	160x128	6400	2	ok
DenOfEvil	floor	cave/043	D2/Tiles/cave/043	在盘	160x128	6400	2	ok
DenOfEvil	floor	cave/044	D2/Tiles/cave/044	在盘	160x128	6400	2	ok
DenOfEvil	floor	cave/045	D2/Tiles/cave/045	在盘	160x128	6400	2	ok
DenOfEvil	floor	cave/046	D2/Tiles/cave/046	在盘	160x128	6400	2	ok
DenOfEvil	floor	cave/047	D2/Tiles/cave/047	在盘	160x128	6400	2	ok
DenOfEvil	floor	cave/048	D2/Tiles/cave/048	在盘	160x128	6400	2	ok
DenOfEvil	floor	cave/049	D2/Tiles/cave/049	在盘	160x128	6400	2	ok
DenOfEvil	floor	cave/050	D2/Tiles/cave/050	在盘	160x128	6400	2	ok
DenOfEvil	floor	cave/051	D2/Tiles/cave/051	在盘	160x128	6400	2	ok
DenOfEvil	floor	cave/052	D2/Tiles/cave/052	在盘	160x128	6400	2	ok
DenOfEvil	floor	cave/053	D2/Tiles/cave/053	在盘	160x128	6400	2	ok
DenOfEvil	floor	cave/054	D2/Tiles/cave/054	在盘	160x128	6400	2	ok
DenOfEvil	floor	cave/055	D2/Tiles/cave/055	在盘	160x128	6400	2	ok
DenOfEvil	floor	cave/056	D2/Tiles/cave/056	在盘	160x128	6400	2	ok
DenOfEvil	floor	cave/057	D2/Tiles/cave/057	在盘	160x128	6400	2	ok
DenOfEvil	floor	cave/058	D2/Tiles/cave/058	在盘	160x128	6400	2	ok
DenOfEvil	floor	cave/059	D2/Tiles/cave/059	在盘	160x128	6400	2	ok
DenOfEvil	floor	cave/060	D2/Tiles/cave/060	在盘	160x128	6400	2	ok
DenOfEvil	floor	cave/061	D2/Tiles/cave/061	在盘	160x128	6400	2	ok
DenOfEvil	floor	cave/062	D2/Tiles/cave/062	在盘	160x128	6400	2	ok
DenOfEvil	floor	cave/063	D2/Tiles/cave/063	在盘	160x128	6400	2	ok
DenOfEvil	floor	cave/064	D2/Tiles/cave/064	在盘	160x128	6400	2	ok
DenOfEvil	floor	cave/065	D2/Tiles/cave/065	在盘	160x128	6400	2	ok
DenOfEvil	floor	cave/066	D2/Tiles/cave/066	在盘	160x128	6400	2	ok
DenOfEvil	floor	cave/067	D2/Tiles/cave/067	在盘	160x128	6400	2	ok
DenOfEvil	floor	cave/068	D2/Tiles/cave/068	在盘	160x128	6400	2	ok
DenOfEvil	floor	cave/069	D2/Tiles/cave/069	在盘	160x128	6400	2	ok
DenOfEvil	floor	cave/070	D2/Tiles/cave/070	在盘	160x128	6400	2	ok
DenOfEvil	floor	cave/071	D2/Tiles/cave/071	在盘	160x128	6400	2	ok
DenOfEvil	floor	cave/072	D2/Tiles/cave/072	在盘	160x128	6400	2	ok
DenOfEvil	floor	cave/073	D2/Tiles/cave/073	在盘	160x128	6400	2	ok
DenOfEvil	floor	cave/074	D2/Tiles/cave/074	在盘	160x128	6400	2	ok
DenOfEvil	floor	cave/075	D2/Tiles/cave/075	在盘	160x128	6400	2	ok
DenOfEvil	floor	cave/076	D2/Tiles/cave/076	在盘	160x128	6400	2	ok
DenOfEvil	floor	cave/077	D2/Tiles/cave/077	在盘	160x128	6400	2	ok
DenOfEvil	floor	cave/078	D2/Tiles/cave/078	在盘	160x128	6400	2	ok
DenOfEvil	floor	cave/079	D2/Tiles/cave/079	在盘	160x128	6400	2	ok
DenOfEvil	floor	cave/080	D2/Tiles/cave/080	在盘	160x128	6400	2	ok
DenOfEvil	floor	cave/081	D2/Tiles/cave/081	在盘	160x128	6400	2	ok
DenOfEvil	floor	cave/082	D2/Tiles/cave/082	在盘	160x128	6400	2	ok
DenOfEvil	floor	cave/083	D2/Tiles/cave/083	在盘	160x128	6400	2	ok
DenOfEvil	floor	cave/084	D2/Tiles/cave/084	在盘	160x128	6400	2	ok
DenOfEvil	floor	cave/085	D2/Tiles/cave/085	在盘	160x128	6400	2	ok
DenOfEvil	floor	cave/086	D2/Tiles/cave/086	在盘	160x128	6400	2	ok
DenOfEvil	floor	cave/087	D2/Tiles/cave/087	在盘	160x128	6400	2	ok
DenOfEvil	floor	cave/088	D2/Tiles/cave/088	在盘	160x128	6400	2	ok
DenOfEvil	floor	cave/089	D2/Tiles/cave/089	在盘	160x128	6400	2	ok
DenOfEvil	floor	cave/090	D2/Tiles/cave/090	在盘	160x128	6400	2	ok
DenOfEvil	floor	cave/101	D2/Tiles/cave/101	在盘	160x128	6400	2	ok
DenOfEvil	floor	cave/102	D2/Tiles/cave/102	在盘	160x128	6400	2	ok
DenOfEvil	floor	cave/103	D2/Tiles/cave/103	在盘	160x128	6400	2	ok
DenOfEvil	floor	cave/104	D2/Tiles/cave/104	在盘	160x128	6400	2	ok
DenOfEvil	floor	cave/113	D2/Tiles/cave/113	在盘	160x128	6400	2	ok
DenOfEvil	floor	cave/114	D2/Tiles/cave/114	在盘	160x128	6400	2	ok
DenOfEvil	floor	cave/115	D2/Tiles/cave/115	在盘	160x128	6400	2	ok
DenOfEvil	floor	cave/116	D2/Tiles/cave/116	在盘	160x128	6400	2	ok
DenOfEvil	floor	cave/117	D2/Tiles/cave/117	在盘	160x128	6400	2	ok
DenOfEvil	floor	cave/118	D2/Tiles/cave/118	在盘	160x128	6400	2	ok
DenOfEvil	floor	cave/119	D2/Tiles/cave/119	在盘	160x128	6400	2	ok
DenOfEvil	floor	cave/120	D2/Tiles/cave/120	在盘	160x128	6400	2	ok
DenOfEvil	floor	cave/121	D2/Tiles/cave/121	在盘	160x128	6400	2	ok
DenOfEvil	floor	cave/122	D2/Tiles/cave/122	在盘	160x128	6400	2	ok
DenOfEvil	floor	cave/123	D2/Tiles/cave/123	在盘	160x128	6400	2	ok
DenOfEvil	floor	cave/124	D2/Tiles/cave/124	在盘	160x128	6400	2	ok
DenOfEvil	floor	cave/125	D2/Tiles/cave/125	在盘	160x128	6400	2	ok
DenOfEvil	floor	cave/126	D2/Tiles/cave/126	在盘	160x128	6400	2	ok
DenOfEvil	floor	cave/127	D2/Tiles/cave/127	在盘	160x128	6400	2	ok
DenOfEvil	floor	cave/128	D2/Tiles/cave/128	在盘	160x128	6400	2	ok
DenOfEvil	floor	cave/129	D2/Tiles/cave/129	在盘	160x128	6400	2	ok
DenOfEvil	floor	cave/130	D2/Tiles/cave/130	在盘	160x128	6400	2	ok
DenOfEvil	floor	cave/131	D2/Tiles/cave/131	在盘	160x128	6400	2	ok
DenOfEvil	floor	cave/132	D2/Tiles/cave/132	在盘	160x128	6400	2	ok
DenOfEvil	floor	cave/133	D2/Tiles/cave/133	在盘	160x128	6400	2	ok
DenOfEvil	floor	cave/134	D2/Tiles/cave/134	在盘	160x128	6400	2	ok
DenOfEvil	floor	cave/135	D2/Tiles/cave/135	在盘	160x128	6400	2	ok
DenOfEvil	floor	cave/136	D2/Tiles/cave/136	在盘	160x128	6400	2	ok
DenOfEvil	floor	cave/137	D2/Tiles/cave/137	在盘	160x128	6400	2	ok
DenOfEvil	floor	cave/138	D2/Tiles/cave/138	在盘	160x128	6400	2	ok
DenOfEvil	floor	cave/139	D2/Tiles/cave/139	在盘	160x128	6400	2	ok
DenOfEvil	floor	cave/140	D2/Tiles/cave/140	在盘	160x128	6400	2	ok
DenOfEvil	floor	cave/141	D2/Tiles/cave/141	在盘	160x128	6400	2	ok
DenOfEvil	floor	cave/142	D2/Tiles/cave/142	在盘	160x128	6400	2	ok
DenOfEvil	floor	cave/143	D2/Tiles/cave/143	在盘	160x128	6400	2	ok
DenOfEvil	floor	cave/144	D2/Tiles/cave/144	在盘	160x128	6400	2	ok
DenOfEvil	floor	cave/145	D2/Tiles/cave/145	在盘	160x128	6400	2	ok
DenOfEvil	floor	cave/146	D2/Tiles/cave/146	在盘	160x128	6400	2	ok
DenOfEvil	floor	cave/147	D2/Tiles/cave/147	在盘	160x128	6400	2	ok
DenOfEvil	floor	cave/148	D2/Tiles/cave/148	在盘	160x128	6400	2	ok
DenOfEvil	floor	cave/149	D2/Tiles/cave/149	在盘	160x128	6400	2	ok
DenOfEvil	floor	cave/150	D2/Tiles/cave/150	在盘	160x128	6400	2	ok
DenOfEvil	floor	cave/151	D2/Tiles/cave/151	在盘	160x128	6400	2	ok
DenOfEvil	floor	cave/152	D2/Tiles/cave/152	在盘	160x128	6400	2	ok
DenOfEvil	floor	cave/153	D2/Tiles/cave/153	在盘	160x128	6400	2	ok
DenOfEvil	floor	cave/162	D2/Tiles/cave/162	在盘	160x128	6400	2	ok
DenOfEvil	floor	cave/163	D2/Tiles/cave/163	在盘	160x128	6400	2	ok
DenOfEvil	floor	cave/164	D2/Tiles/cave/164	在盘	160x128	6400	2	ok
DenOfEvil	floor	cave/165	D2/Tiles/cave/165	在盘	160x128	6400	2	ok
DenOfEvil	floor	cave/166	D2/Tiles/cave/166	在盘	160x128	6400	2	ok
DenOfEvil	floor	cave/167	D2/Tiles/cave/167	在盘	160x128	6400	2	ok
DenOfEvil	floor	cave/168	D2/Tiles/cave/168	在盘	160x128	6400	2	ok
DenOfEvil	floor	cave/169	D2/Tiles/cave/169	在盘	160x128	6400	2	ok
DenOfEvil	floor	cave/170	D2/Tiles/cave/170	在盘	160x128	6400	2	ok
DenOfEvil	floor	cave/171	D2/Tiles/cave/171	在盘	160x128	6400	2	ok
DenOfEvil	floor	cave/172	D2/Tiles/cave/172	在盘	160x128	6400	2	ok
DenOfEvil	floor	cave/173	D2/Tiles/cave/173	在盘	160x128	6400	2	ok
DenOfEvil	floor	cave/180	D2/Tiles/cave/180	在盘	160x128	6400	2	ok
DenOfEvil	floor	cave/181	D2/Tiles/cave/181	在盘	160x128	6400	2	ok
DenOfEvil	floor	cave/182	D2/Tiles/cave/182	在盘	160x128	6400	2	ok
DenOfEvil	floor	cave/183	D2/Tiles/cave/183	在盘	160x128	6400	2	ok
DenOfEvil	floor	cave/184	D2/Tiles/cave/184	在盘	160x128	6400	2	ok
DenOfEvil	floor	cave/185	D2/Tiles/cave/185	在盘	160x128	6400	2	ok
DenOfEvil	floor	cave/186	D2/Tiles/cave/186	在盘	160x128	6400	2	ok
DenOfEvil	floor	cave/187	D2/Tiles/cave/187	在盘	160x128	6400	2	ok
DenOfEvil	floor	cave/188	D2/Tiles/cave/188	在盘	160x128	6400	2	ok
DenOfEvil	floor	cave/189	D2/Tiles/cave/189	在盘	160x128	6400	2	ok
DenOfEvil	floor	cave/190	D2/Tiles/cave/190	在盘	160x128	6400	2	ok
DenOfEvil	floor	cave/191	D2/Tiles/cave/191	在盘	160x128	6400	2	ok
DenOfEvil	floor	cave/192	D2/Tiles/cave/192	在盘	160x128	6400	2	ok
DenOfEvil	floor	cave/193	D2/Tiles/cave/193	在盘	160x128	6400	2	ok
DenOfEvil	floor	cave/194	D2/Tiles/cave/194	在盘	160x128	6400	2	ok
DenOfEvil	floor	cave/195	D2/Tiles/cave/195	在盘	160x128	6400	2	ok
DenOfEvil	floor	cave/196	D2/Tiles/cave/196	在盘	160x128	6400	2	ok
DenOfEvil	floor	cave/197	D2/Tiles/cave/197	在盘	160x128	6400	2	ok
DenOfEvil	floor	cave/198	D2/Tiles/cave/198	在盘	160x128	6400	2	ok
DenOfEvil	floor	cave/199	D2/Tiles/cave/199	在盘	160x128	6400	2	ok
DenOfEvil	floor	cave/200	D2/Tiles/cave/200	在盘	160x128	6400	2	ok
DenOfEvil	floor	cave/201	D2/Tiles/cave/201	在盘	160x128	6400	2	ok
DenOfEvil	floor	cave/202	D2/Tiles/cave/202	在盘	160x128	6400	2	ok
DenOfEvil	floor	cave/203	D2/Tiles/cave/203	在盘	160x128	6400	2	ok
DenOfEvil	floor	cave/204	D2/Tiles/cave/204	在盘	160x128	6400	2	ok
DenOfEvil	floor	cave/205	D2/Tiles/cave/205	在盘	160x128	6400	2	ok
DenOfEvil	floor	cave/206	D2/Tiles/cave/206	在盘	160x128	6400	2	ok
DenOfEvil	floor	cave/207	D2/Tiles/cave/207	在盘	160x128	6400	2	ok
DenOfEvil	floor	cave/208	D2/Tiles/cave/208	在盘	160x128	6400	2	ok
DenOfEvil	floor	cave/209	D2/Tiles/cave/209	在盘	160x128	6400	2	ok
DenOfEvil	floor	cave/210	D2/Tiles/cave/210	在盘	160x128	6400	2	ok
DenOfEvil	floor	cave/211	D2/Tiles/cave/211	在盘	160x128	6400	2	ok
DenOfEvil	object	cave/091	D2/Objects/cave/091	在盘	160x160	3527	2	ok
DenOfEvil	object	cave/092	D2/Objects/cave/092	在盘	128x128	2836	2	ok
DenOfEvil	object	cave/093	D2/Objects/cave/093	在盘	160x128	3364	2	ok
DenOfEvil	object	cave/094	D2/Objects/cave/094	在盘	128x160	3889	2	ok
DenOfEvil	object	cave/095	D2/Objects/cave/095	在盘	160x128	4999	2	ok
DenOfEvil	object	cave/096	D2/Objects/cave/096	在盘	160x160	5316	2	ok
DenOfEvil	object	cave/097	D2/Objects/cave/097	在盘	160x160	2251	2	ok
DenOfEvil	object	cave/098	D2/Objects/cave/098	在盘	160x128	7488	2	ok
DenOfEvil	object	cave/099	D2/Objects/cave/099	在盘	128x160	4021	2	ok
DenOfEvil	object	cave/100	D2/Objects/cave/100	在盘	160x128	8255	2	ok
DenOfEvil	object	cave/174	D2/Objects/cave/174	在盘	128x128	2649	2	ok
DenOfEvil	object	cave/175	D2/Objects/cave/175	在盘	160x160	1555	2	ok
DenOfEvil	object	cave/176	D2/Objects/cave/176	在盘	128x160	1626	2	ok
DenOfEvil	object	cave/177	D2/Objects/cave/177	在盘	128x160	555	2	ok
DenOfEvil	object	cave/178	D2/Objects/cave/178	在盘	96x160	1675	2	ok
DenOfEvil	object	cave/179	D2/Objects/cave/179	在盘	64x160	815	2	ok
