# u44 pixel diff -- u44_01_shader_on.png (hover, _Brightness 3.0) vs u44_02_shader_off.png (restored original)
# measured by tools/probes/measure/u44_pixel_diff.ps1 ; asserted by uicheck HoverSelectCheck.CheckU44Closeout
# CONFOUND: the two shots are 11 frames apart (frame 116 vs 127) and the player sprite runs an idle
#   animation, so part of the changed pixels come from the animation, NOT only from _Brightness.
#   => this number proves "the two frames differ"; the clean proof of "it brightened" is the
#   property-block read-back (shader=Sprite, _Brightness=3 _Contrast=1.01, visible=1) plus the
#   contact sheet read by eye; a confound-free pair needs a frozen animation (not taken yet).
on	C:\Work\Server\f-v2\clover-project-diablo2\.ai-tmp\screenshots\u44_01_shader_on.png	863566	_Brightness=3.0
off	C:\Work\Server\f-v2\clover-project-diablo2\.ai-tmp\screenshots\u44_02_shader_off.png	858558	_Brightness=1.0
diff	15956	0.7695	251	0.193333	1920	1080
