# row	artifact	checks	sources	sha256_16
5	tools/probes/refs/numeric_refs/row05.json	11	1	391e7dded6502cfb
8	tools/probes/refs/numeric_refs/row08.json	22	1	27423ce534df3b38
17	tools/probes/refs/numeric_refs/row17.json	8	1	183ce6b0b0021bdc
18	tools/probes/refs/numeric_refs/row18.json	16	1	49e667b57285816d
19	tools/probes/refs/numeric_refs/row19.json	9	1	bc8b6e978861f31e
20	tools/probes/refs/numeric_refs/row20.json	5	1	65528944231c8fa7
21	tools/probes/refs/numeric_refs/row21.json	14	1	a119e7f4b061a899
22	tools/probes/refs/numeric_refs/row22.json	12	1	740846bd5a6ebb44
24	tools/probes/refs/numeric_refs/row24.json	24	2	3ad6cb343c7d9226
31	tools/probes/refs/numeric_refs/row31.json	29	2	7132172c63525ee4
35	tools/probes/refs/numeric_refs/row35.json	15	1	972c890dff109685
41	tools/probes/refs/numeric_refs/row41.json	7	2	b94677752e937eb2
46	tools/probes/refs/numeric_refs/row46.json	16	1	b588515560b0ef2e
52	tools/probes/refs/numeric_refs/row52.json	5	1	b5208ea447a90544
53	tools/probes/refs/numeric_refs/row53.json	22	1	637dd4e43aee31e1
54	tools/probes/refs/numeric_refs/row54.json	12	1	c4a2fa0a60342f5f
57	tools/probes/refs/numeric_refs/row57.json	3	1	52919202376cdff4
